pres_1,pres_2,sim,pres_1_party,pres_2_party
1,1,1.0,Unaffiliated,Unaffiliated
1,2,0.9969000202361163,Unaffiliated,Federalist
1,3,0.9971000060070906,Unaffiliated,Democratic-Republican
1,4,0.9954351218177467,Unaffiliated,Democratic-Republican
1,5,0.9949134129271855,Unaffiliated,Democratic-Republican
1,6,0.9894337366093424,Unaffiliated,Democratic-Republican
1,7,0.9972117879048625,Unaffiliated,Democratic
1,8,0.9962839773181109,Unaffiliated,Democratic
1,9,0.0,Unaffiliated,Whig
1,10,0.9973135856028261,Unaffiliated,Whig
1,11,0.9925545740242248,Unaffiliated,Democratic
1,12,0.9907907250714236,Unaffiliated,Whig
1,13,0.9958397981591357,Unaffiliated,Whig
1,14,0.9916230645144446,Unaffiliated,Democratic
1,15,0.9918411451551269,Unaffiliated,Democratic
1,16,0.9910152427375745,Unaffiliated,Republican
1,17,0.991362965795966,Unaffiliated,Democratic
1,18,0.9936035019357691,Unaffiliated,Republican
1,19,0.9902006541680722,Unaffiliated,Republican
1,20,0.0,Unaffiliated,Republican
1,21,0.9796361389413052,Unaffiliated,Republican
1,22,0.9903672617261794,Unaffiliated,Democratic
1,23,0.9913164205716596,Unaffiliated,Republican
1,24,0.9816472129835113,Unaffiliated,Republican
1,25,0.9948970049962854,Unaffiliated,Republican
1,26,0.9865649497625042,Unaffiliated,Republican
1,27,0.9894108852811649,Unaffiliated,Democratic
1,28,0.9897277186233314,Unaffiliated,Republican
1,29,0.9929968673995103,Unaffiliated,Republican
1,30,0.9843740813196271,Unaffiliated,Republican
1,31,0.9887365254758278,Unaffiliated,Democratic
1,32,0.9857932564355447,Unaffiliated,Democratic
1,33,0.9831313054674747,Unaffiliated,Republican
1,34,0.9837898486497744,Unaffiliated,Democratic
1,35,0.9738590457386345,Unaffiliated,Democratic
1,36,0.9850907186017178,Unaffiliated,Republican
1,37,0.9760866710851617,Unaffiliated,Republican
1,38,0.9697536471843935,Unaffiliated,Democratic
1,39,0.9706566884034664,Unaffiliated,Republican
1,40,0.9584160006357428,Unaffiliated,Republican
1,41,0.9529970633083549,Unaffiliated,Democratic
1,42,0.9677901767725718,Unaffiliated,Republican
1,43,0.9536279245443118,Unaffiliated,Democratic
1,44,0.959116115686985,Unaffiliated,Republican
2,1,0.9969000202361163,Federalist,Unaffiliated
2,2,1.0,Federalist,Federalist
2,3,0.9957212398727912,Federalist,Democratic-Republican
2,4,0.995165986041656,Federalist,Democratic-Republican
2,5,0.9946309288499947,Federalist,Democratic-Republican
2,6,0.9927344384778272,Federalist,Democratic-Republican
2,7,0.9970225069588794,Federalist,Democratic
2,8,0.9965043248119477,Federalist,Democratic
2,9,0.0,Federalist,Whig
2,10,0.9960061067847471,Federalist,Whig
2,11,0.9956531907349047,Federalist,Democratic
2,12,0.9938525006320791,Federalist,Whig
2,13,0.9972413252363737,Federalist,Whig
2,14,0.9945084455361398,Federalist,Democratic
2,15,0.9937845378197643,Federalist,Democratic
2,16,0.993680197149212,Federalist,Republican
2,17,0.9952077600260418,Federalist,Democratic
2,18,0.9959113510492622,Federalist,Republican
2,19,0.9937650473208476,Federalist,Republican
2,20,0.0,Federalist,Republican
2,21,0.9868396919313707,Federalist,Republican
2,22,0.9934429949471946,Federalist,Democratic
2,23,0.9946065052901027,Federalist,Republican
2,24,0.988188369917568,Federalist,Republican
2,25,0.9945825349117208,Federalist,Republican
2,26,0.9914016362527112,Federalist,Republican
2,27,0.9881784853647099,Federalist,Democratic
2,28,0.9897431622726748,Federalist,Republican
2,29,0.9942498337569134,Federalist,Republican
2,30,0.9906588785035745,Federalist,Republican
2,31,0.9908207043305777,Federalist,Democratic
2,32,0.9880170218847905,Federalist,Democratic
2,33,0.9872524710741247,Federalist,Republican
2,34,0.9855218191469243,Federalist,Democratic
2,35,0.9775461663862025,Federalist,Democratic
2,36,0.9860917523438814,Federalist,Republican
2,37,0.9828256112202819,Federalist,Republican
2,38,0.9801383155124473,Federalist,Democratic
2,39,0.974892891278476,Federalist,Republican
2,40,0.9617502048322577,Federalist,Republican
2,41,0.9576479005168979,Federalist,Democratic
2,42,0.9748521385361205,Federalist,Republican
2,43,0.9579308260692269,Federalist,Democratic
2,44,0.9674772223608309,Federalist,Republican
3,1,0.9971000060070906,Democratic-Republican,Unaffiliated
3,2,0.9957212398727912,Democratic-Republican,Federalist
3,3,1.0,Democratic-Republican,Democratic-Republican
3,4,0.9928624964030428,Democratic-Republican,Democratic-Republican
3,5,0.9929745198295765,Democratic-Republican,Democratic-Republican
3,6,0.9870407889705205,Democratic-Republican,Democratic-Republican
3,7,0.9956817885105482,Democratic-Republican,Democratic
3,8,0.9956577705592876,Democratic-Republican,Democratic
3,9,0.0,Democratic-Republican,Whig
3,10,0.9948420934234208,Democratic-Republican,Whig
3,11,0.990781988077103,Democratic-Republican,Democratic
3,12,0.985907021393028,Democratic-Republican,Whig
3,13,0.9933907048068377,Democratic-Republican,Whig
3,14,0.9893665771799296,Democratic-Republican,Democratic
3,15,0.989050644867716,Democratic-Republican,Democratic
3,16,0.9918173510656343,Democratic-Republican,Republican
3,17,0.9905871440055485,Democratic-Republican,Democratic
3,18,0.9914690153235388,Democratic-Republican,Republican
3,19,0.9866061912520537,Democratic-Republican,Republican
3,20,0.0,Democratic-Republican,Republican
3,21,0.974978218993034,Democratic-Republican,Republican
3,22,0.9887310620663757,Democratic-Republican,Democratic
3,23,0.9888357198612798,Democratic-Republican,Republican
3,24,0.9773940503677112,Democratic-Republican,Republican
3,25,0.9950796746540529,Democratic-Republican,Republican
3,26,0.9817942381384293,Democratic-Republican,Republican
3,27,0.993778616908253,Democratic-Republican,Democratic
3,28,0.9912290616950826,Democratic-Republican,Republican
3,29,0.9922085476024589,Democratic-Republican,Republican
3,30,0.9837955638610565,Democratic-Republican,Republican
3,31,0.9918567853966491,Democratic-Republican,Democratic
3,32,0.9884894282327512,Democratic-Republican,Democratic
3,33,0.9834044425186261,Democratic-Republican,Republican
3,34,0.9854207868209699,Democratic-Republican,Democratic
3,35,0.978648457713482,Democratic-Republican,Democratic
3,36,0.9881414703079493,Democratic-Republican,Republican
3,37,0.9807983261626919,Democratic-Republican,Republican
3,38,0.9701066348870494,Democratic-Republican,Democratic
3,39,0.9769960629848901,Democratic-Republican,Republican
3,40,0.9647302377619245,Democratic-Republican,Republican
3,41,0.9616443838858874,Democratic-Republican,Democratic
3,42,0.9733061295594827,Democratic-Republican,Republican
3,43,0.9631668766036616,Democratic-Republican,Democratic
3,44,0.9641221582096098,Democratic-Republican,Republican
4,1,0.9954351218177467,Democratic-Republican,Unaffiliated
4,2,0.995165986041656,Democratic-Republican,Federalist
4,3,0.9928624964030428,Democratic-Republican,Democratic-Republican
4,4,1.0,Democratic-Republican,Democratic-Republican
4,5,0.9948940213376678,Democratic-Republican,Democratic-Republican
4,6,0.9953651908492751,Democratic-Republican,Democratic-Republican
4,7,0.996405119033165,Democratic-Republican,Democratic
4,8,0.9981815593498816,Democratic-Republican,Democratic
4,9,0.0,Democratic-Republican,Whig
4,10,0.9964186993068904,Democratic-Republican,Whig
4,11,0.9944040265798247,Democratic-Republican,Democratic
4,12,0.9914582828055728,Democratic-Republican,Whig
4,13,0.9970893085216411,Democratic-Republican,Whig
4,14,0.995803303535546,Democratic-Republican,Democratic
4,15,0.9918810439528412,Democratic-Republican,Democratic
4,16,0.9919494270539634,Democratic-Republican,Republican
4,17,0.9948405900349228,Democratic-Republican,Democratic
4,18,0.9959687054638944,Democratic-Republican,Republican
4,19,0.9960496690849209,Democratic-Republican,Republican
4,20,0.0,Democratic-Republican,Republican
4,21,0.9880477328115705,Democratic-Republican,Republican
4,22,0.9962085086250849,Democratic-Republican,Democratic
4,23,0.9958517243580173,Democratic-Republican,Republican
4,24,0.9896736817083787,Democratic-Republican,Republican
4,25,0.9931506981151098,Democratic-Republican,Republican
4,26,0.9923532841122363,Democratic-Republican,Republican
4,27,0.9798853842384397,Democratic-Republican,Democratic
4,28,0.9848290598875575,Democratic-Republican,Republican
4,29,0.9910032942497543,Democratic-Republican,Republican
4,30,0.9889493851121177,Democratic-Republican,Republican
4,31,0.9836246140030711,Democratic-Republican,Democratic
4,32,0.9790418974084811,Democratic-Republican,Democratic
4,33,0.9828488319801751,Democratic-Republican,Republican
4,34,0.9799682146695641,Democratic-Republican,Democratic
4,35,0.9610398387969508,Democratic-Republican,Democratic
4,36,0.9760895045816345,Democratic-Republican,Republican
4,37,0.9722999400986241,Democratic-Republican,Republican
4,38,0.972909287918144,Democratic-Republican,Democratic
4,39,0.9604126948217125,Democratic-Republican,Republican
4,40,0.9442756465056317,Democratic-Republican,Republican
4,41,0.936591263737954,Democratic-Republican,Democratic
4,42,0.9581365919649815,Democratic-Republican,Republican
4,43,0.937624801597125,Democratic-Republican,Democratic
4,44,0.9507473489257732,Democratic-Republican,Republican
5,1,0.9949134129271855,Democratic-Republican,Unaffiliated
5,2,0.9946309288499947,Democratic-Republican,Federalist
5,3,0.9929745198295765,Democratic-Republican,Democratic-Republican
5,4,0.9948940213376678,Democratic-Republican,Democratic-Republican
5,5,1.0,Democratic-Republican,Democratic-Republican
5,6,0.9935222447970434,Democratic-Republican,Democratic-Republican
5,7,0.9984714977006072,Democratic-Republican,Democratic
5,8,0.9971435594898157,Democratic-Republican,Democratic
5,9,0.0,Democratic-Republican,Whig
5,10,0.9973699162701574,Democratic-Republican,Whig
5,11,0.9975085021750852,Democratic-Republican,Democratic
5,12,0.9939555543300115,Democratic-Republican,Whig
5,13,0.9978276143198355,Democratic-Republican,Whig
5,14,0.9945591928595603,Democratic-Republican,Democratic
5,15,0.9963980286510006,Democratic-Republican,Democratic
5,16,0.994810593808551,Democratic-Republican,Republican
5,17,0.9950321702207423,Democratic-Republican,Democratic
5,18,0.9964773688088665,Democratic-Republican,Republican
5,19,0.9921537542984202,Democratic-Republican,Republican
5,20,0.0,Democratic-Republican,Republican
5,21,0.9840745682651153,Democratic-Republican,Republican
5,22,0.9911130658865448,Democratic-Republican,Democratic
5,23,0.9945948882492051,Democratic-Republican,Republican
5,24,0.9881524871702775,Democratic-Republican,Republican
5,25,0.9930722142662927,Democratic-Republican,Republican
5,26,0.9901044736022117,Democratic-Republican,Republican
5,27,0.9822606057033726,Democratic-Republican,Democratic
5,28,0.9822509980874,Democratic-Republican,Republican
5,29,0.989724344499996,Democratic-Republican,Republican
5,30,0.9821819764510354,Democratic-Republican,Republican
5,31,0.9806583777850484,Democratic-Republican,Democratic
5,32,0.9766514862274323,Democratic-Republican,Democratic
5,33,0.975388772785783,Democratic-Republican,Republican
5,34,0.9738341404527406,Democratic-Republican,Democratic
5,35,0.9664619543326287,Democratic-Republican,Democratic
5,36,0.9804123857186589,Democratic-Republican,Republican
5,37,0.9710237285092689,Democratic-Republican,Republican
5,38,0.9679247095734897,Democratic-Republican,Democratic
5,39,0.9645929036954135,Democratic-Republican,Republican
5,40,0.9510121754518184,Democratic-Republican,Republican
5,41,0.9437983397045628,Democratic-Republican,Democratic
5,42,0.96100045980871,Democratic-Republican,Republican
5,43,0.9473528128294608,Democratic-Republican,Democratic
5,44,0.9601535338024498,Democratic-Republican,Republican
6,1,0.9894337366093424,Democratic-Republican,Unaffiliated
6,2,0.9927344384778272,Democratic-Republican,Federalist
6,3,0.9870407889705205,Democratic-Republican,Democratic-Republican
6,4,0.9953651908492751,Democratic-Republican,Democratic-Republican
6,5,0.9935222447970434,Democratic-Republican,Democratic-Republican
6,6,1.0,Democratic-Republican,Democratic-Republican
6,7,0.9936512372598846,Democratic-Republican,Democratic
6,8,0.9956246025645721,Democratic-Republican,Democratic
6,9,0.0,Democratic-Republican,Whig
6,10,0.99405569752507,Democratic-Republican,Whig
6,11,0.9958504659410949,Democratic-Republican,Democratic
6,12,0.9933610708326267,Democratic-Republican,Whig
6,13,0.9966061219000648,Democratic-Republican,Whig
6,14,0.9973658065837313,Democratic-Republican,Democratic
6,15,0.9928882610882908,Democratic-Republican,Democratic
6,16,0.9925823298185603,Democratic-Republican,Republican
6,17,0.9965096608200474,Democratic-Republican,Democratic
6,18,0.9975501094738398,Democratic-Republican,Republican
6,19,0.9976465042309988,Democratic-Republican,Republican
6,20,0.0,Democratic-Republican,Republican
6,21,0.9918998737378779,Democratic-Republican,Republican
6,22,0.9960242892328873,Democratic-Republican,Democratic
6,23,0.9973209992154904,Democratic-Republican,Republican
6,24,0.9945393131751961,Democratic-Republican,Republican
6,25,0.9886935933889942,Democratic-Republican,Republican
6,26,0.9949359799728711,Democratic-Republican,Republican
6,27,0.9733012802189629,Democratic-Republican,Democratic
6,28,0.9766109849292433,Democratic-Republican,Republican
6,29,0.9859991796040952,Democratic-Republican,Republican
6,30,0.9885995451437581,Democratic-Republican,Republican
6,31,0.9773827110309534,Democratic-Republican,Democratic
6,32,0.9711231495099608,Democratic-Republican,Democratic
6,33,0.9763261437212412,Democratic-Republican,Republican
6,34,0.9716863624060245,Democratic-Republican,Democratic
6,35,0.956375952249889,Democratic-Republican,Democratic
6,36,0.9711005980671472,Democratic-Republican,Republican
6,37,0.9680408984473193,Democratic-Republican,Republican
6,38,0.9711153790223799,Democratic-Republican,Democratic
6,39,0.9544105591031117,Democratic-Republican,Republican
6,40,0.937349846344456,Democratic-Republican,Republican
6,41,0.9293701360829781,Democratic-Republican,Democratic
6,42,0.9523998748756994,Democratic-Republican,Republican
6,43,0.9300393225629177,Democratic-Republican,Democratic
6,44,0.9488558318905926,Democratic-Republican,Republican
7,1,0.9972117879048625,Democratic,Unaffiliated
7,2,0.9970225069588794,Democratic,Federalist
7,3,0.9956817885105482,Democratic,Democratic-Republican
7,4,0.996405119033165,Democratic,Democratic-Republican
7,5,0.9984714977006072,Democratic,Democratic-Republican
7,6,0.9936512372598846,Democratic,Democratic-Republican
7,7,1.0,Democratic,Democratic
7,8,0.9985243454624414,Democratic,Democratic
7,9,0.0,Democratic,Whig
7,10,0.9990388803314628,Democratic,Whig
7,11,0.9973147982430478,Democratic,Democratic
7,12,0.9950182723984984,Democratic,Whig
7,13,0.998679337104551,Democratic,Whig
7,14,0.9957499106102188,Democratic,Democratic
7,15,0.9967944973567475,Democratic,Democratic
7,16,0.9953059228121032,Democratic,Republican
7,17,0.9961311378905732,Democratic,Democratic
7,18,0.9966643365286992,Democratic,Republican
7,19,0.993254317583153,Democratic,Republican
7,20,0.0,Democratic,Republican
7,21,0.9840512284529208,Democratic,Republican
7,22,0.9927965374872971,Democratic,Democratic
7,23,0.9950802079259501,Democratic,Republican
7,24,0.987978771875116,Democratic,Republican
7,25,0.9961095586648558,Democratic,Republican
7,26,0.9912555202037163,Democratic,Republican
7,27,0.9880616696795158,Democratic,Democratic
7,28,0.9878202462987188,Democratic,Republican
7,29,0.9926267162018231,Democratic,Republican
7,30,0.985432343754443,Democratic,Republican
7,31,0.9863373700357546,Democratic,Democratic
7,32,0.9824583841044594,Democratic,Democratic
7,33,0.980590719889343,Democratic,Republican
7,34,0.979524160503145,Democratic,Democratic
7,35,0.972047617975233,Democratic,Democratic
7,36,0.9847140858561434,Democratic,Republican
7,37,0.9764824976163652,Democratic,Republican
7,38,0.9723077051668695,Democratic,Democratic
7,39,0.970232597683024,Democratic,Republican
7,40,0.9571420728944174,Democratic,Republican
7,41,0.9509024273014914,Democratic,Democratic
7,42,0.966208390298279,Democratic,Republican
7,43,0.9529858802028605,Democratic,Democratic
7,44,0.9616707867079847,Democratic,Republican
8,1,0.9962839773181109,Democratic,Unaffiliated
8,2,0.9965043248119477,Democratic,Federalist
8,3,0.9956577705592876,Democratic,Democratic-Republican
8,4,0.9981815593498816,Democratic,Democratic-Republican
8,5,0.9971435594898157,Democratic,Democratic-Republican
8,6,0.9956246025645721,Democratic,Democratic-Republican
8,7,0.9985243454624414,Democratic,Democratic
8,8,1.0,Democratic,Democratic
8,9,0.0,Democratic,Whig
8,10,0.9978569154210198,Democratic,Whig
8,11,0.9963247189969353,Democratic,Democratic
8,12,0.9920256320987604,Democratic,Whig
8,13,0.9984890942401886,Democratic,Whig
8,14,0.9971053642237603,Democratic,Democratic
8,15,0.99433818902571,Democratic,Democratic
8,16,0.9960786922605995,Democratic,Republican
8,17,0.9970183814470228,Democratic,Democratic
8,18,0.9973839116477563,Democratic,Republican
8,19,0.9957053397602038,Democratic,Republican
8,20,0.0,Democratic,Republican
8,21,0.985917909931466,Democratic,Republican
8,22,0.9958528520792117,Democratic,Democratic
8,23,0.9964186305544049,Democratic,Republican
8,24,0.9891368792864114,Democratic,Republican
8,25,0.9962768591364057,Democratic,Republican
8,26,0.9916380035294686,Democratic,Republican
8,27,0.9861052343178524,Democratic,Democratic
8,28,0.9878344573070725,Democratic,Republican
8,29,0.9924344931099863,Democratic,Republican
8,30,0.9886205230084375,Democratic,Republican
8,31,0.9870095960333781,Democratic,Democratic
8,32,0.981738284922033,Democratic,Democratic
8,33,0.9829895056194425,Democratic,Republican
8,34,0.9814839014669138,Democratic,Democratic
8,35,0.9676464157139237,Democratic,Democratic
8,36,0.9810627716481646,Democratic,Republican
8,37,0.9764299641686189,Democratic,Republican
8,38,0.9732605766821077,Democratic,Democratic
8,39,0.9670294000289741,Democratic,Republican
8,40,0.9520455805632,Democratic,Republican
8,41,0.9448733607618813,Democratic,Democratic
8,42,0.96332955131863,Democratic,Republican
8,43,0.9470220678045037,Democratic,Democratic
8,44,0.9578717103621655,Democratic,Republican
9,1,0.0,Whig,Unaffiliated
9,2,0.0,Whig,Federalist
9,3,0.0,Whig,Democratic-Republican
9,4,0.0,Whig,Democratic-Republican
9,5,0.0,Whig,Democratic-Republican
9,6,0.0,Whig,Democratic-Republican
9,7,0.0,Whig,Democratic
9,8,0.0,Whig,Democratic
9,9,1.0,Whig,Whig
9,10,0.0,Whig,Whig
9,11,0.0,Whig,Democratic
9,12,0.0,Whig,Whig
9,13,0.0,Whig,Whig
9,14,0.0,Whig,Democratic
9,15,0.0,Whig,Democratic
9,16,0.0,Whig,Republican
9,17,0.0,Whig,Democratic
9,18,0.0,Whig,Republican
9,19,0.0,Whig,Republican
9,20,1.0,Whig,Republican
9,21,0.0,Whig,Republican
9,22,0.0,Whig,Democratic
9,23,0.0,Whig,Republican
9,24,0.0,Whig,Republican
9,25,0.0,Whig,Republican
9,26,0.0,Whig,Republican
9,27,0.0,Whig,Democratic
9,28,0.0,Whig,Republican
9,29,0.0,Whig,Republican
9,30,0.0,Whig,Republican
9,31,0.0,Whig,Democratic
9,32,0.0,Whig,Democratic
9,33,0.0,Whig,Republican
9,34,0.0,Whig,Democratic
9,35,0.0,Whig,Democratic
9,36,0.0,Whig,Republican
9,37,0.0,Whig,Republican
9,38,0.0,Whig,Democratic
9,39,0.0,Whig,Republican
9,40,0.0,Whig,Republican
9,41,0.0,Whig,Democratic
9,42,0.0,Whig,Republican
9,43,0.0,Whig,Democratic
9,44,0.0,Whig,Republican
10,1,0.9973135856028261,Whig,Unaffiliated
10,2,0.9960061067847471,Whig,Federalist
10,3,0.9948420934234208,Whig,Democratic-Republican
10,4,0.9964186993068904,Whig,Democratic-Republican
10,5,0.9973699162701574,Whig,Democratic-Republican
10,6,0.99405569752507,Whig,Democratic-Republican
10,7,0.9990388803314628,Whig,Democratic
10,8,0.9978569154210198,Whig,Democratic
10,9,0.0,Whig,Whig
10,10,1.0,Whig,Whig
10,11,0.9965401646110998,Whig,Democratic
10,12,0.9955591478182158,Whig,Whig
10,13,0.9985674560618782,Whig,Whig
10,14,0.9956683634546747,Whig,Democratic
10,15,0.9965331213674369,Whig,Democratic
10,16,0.9946016453844827,Whig,Republican
10,17,0.9956349115297891,Whig,Democratic
10,18,0.9970742420415966,Whig,Republican
10,19,0.9938532463134702,Whig,Republican
10,20,0.0,Whig,Republican
10,21,0.9850718232446568,Whig,Republican
10,22,0.9934513110109487,Whig,Democratic
10,23,0.995454118940609,Whig,Republican
10,24,0.9886212869110548,Whig,Republican
10,25,0.9960639493477025,Whig,Republican
10,26,0.9924770173992629,Whig,Republican
10,27,0.9865356416898483,Whig,Democratic
10,28,0.9877142521166756,Whig,Republican
10,29,0.992974227923765,Whig,Republican
10,30,0.9863720054782362,Whig,Republican
10,31,0.9855823294667474,Whig,Democratic
10,32,0.9815645311598207,Whig,Democratic
10,33,0.9810775128793866,Whig,Republican
10,34,0.9795710347939837,Whig,Democratic
10,35,0.9705210562502953,Whig,Democratic
10,36,0.9838585546053463,Whig,Republican
10,37,0.975178808288604,Whig,Republican
10,38,0.9721981464880696,Whig,Democratic
10,39,0.9688706407388621,Whig,Republican
10,40,0.9549871452659743,Whig,Republican
10,41,0.9488805450508209,Whig,Democratic
10,42,0.9647627967262048,Whig,Republican
10,43,0.950075897667846,Whig,Democratic
10,44,0.9590445650772691,Whig,Republican
11,1,0.9925545740242248,Democratic,Unaffiliated
11,2,0.9956531907349047,Democratic,Federalist
11,3,0.990781988077103,Democratic,Democratic-Republican
11,4,0.9944040265798247,Democratic,Democratic-Republican
11,5,0.9975085021750852,Democratic,Democratic-Republican
11,6,0.9958504659410949,Democratic,Democratic-Republican
11,7,0.9973147982430478,Democratic,Democratic
11,8,0.9963247189969353,Democratic,Democratic
11,9,0.0,Democratic,Whig
11,10,0.9965401646110998,Democratic,Whig
11,11,1.0,Democratic,Democratic
11,12,0.997018745790534,Democratic,Whig
11,13,0.9985502851813032,Democratic,Whig
11,14,0.9974990128036854,Democratic,Democratic
11,15,0.9981933286709708,Democratic,Democratic
11,16,0.9960382384986698,Democratic,Republican
11,17,0.9978311643571359,Democratic,Democratic
11,18,0.9981600773173982,Democratic,Republican
11,19,0.9956432592325648,Democratic,Republican
11,20,0.0,Democratic,Republican
11,21,0.9902735021039086,Democratic,Republican
11,22,0.9945660353103102,Democratic,Democratic
11,23,0.996844941347152,Democratic,Republican
11,24,0.9945964509763096,Democratic,Republican
11,25,0.9924734143516151,Democratic,Republican
11,26,0.9947723175970783,Democratic,Republican
11,27,0.9806059474536699,Democratic,Democratic
11,28,0.9824322135761024,Democratic,Republican
11,29,0.9901150115517479,Democratic,Republican
11,30,0.9875429206902354,Democratic,Republican
11,31,0.9819739641682753,Democratic,Democratic
11,32,0.9780804593855961,Democratic,Democratic
11,33,0.9798607986429742,Democratic,Republican
11,34,0.976431360308166,Democratic,Democratic
11,35,0.9682659272076322,Democratic,Democratic
11,36,0.9799708776603518,Democratic,Republican
11,37,0.9758968324549013,Democratic,Republican
11,38,0.9771639097945309,Democratic,Democratic
11,39,0.9676076604322452,Democratic,Republican
11,40,0.9523306943680989,Democratic,Republican
11,41,0.9464150026818513,Democratic,Democratic
11,42,0.9659552450342531,Democratic,Republican
11,43,0.9481829114163093,Democratic,Democratic
11,44,0.9655920542084098,Democratic,Republican
12,1,0.9907907250714236,Whig,Unaffiliated
12,2,0.9938525006320791,Whig,Federalist
12,3,0.985907021393028,Whig,Democratic-Republican
12,4,0.9914582828055728,Whig,Democratic-Republican
12,5,0.9939555543300115,Whig,Democratic-Republican
12,6,0.9933610708326267,Whig,Democratic-Republican
12,7,0.9950182723984984,Whig,Democratic
12,8,0.9920256320987604,Whig,Democratic
12,9,0.0,Whig,Whig
12,10,0.9955591478182158,Whig,Whig
12,11,0.997018745790534,Whig,Democratic
12,12,1.0,Whig,Whig
12,13,0.9966753036326731,Whig,Whig
12,14,0.995298759090477,Whig,Democratic
12,15,0.9977236225907185,Whig,Democratic
12,16,0.9917612932526397,Whig,Republican
12,17,0.9945131117277806,Whig,Democratic
12,18,0.9960512071382118,Whig,Republican
12,19,0.9936372472302589,Whig,Republican
12,20,0.0,Whig,Republican
12,21,0.9900649547907575,Whig,Republican
12,22,0.9909950560758729,Whig,Democratic
12,23,0.9942414964249998,Whig,Republican
12,24,0.993918618055027,Whig,Republican
12,25,0.9896841071023978,Whig,Republican
12,26,0.9959166706149005,Whig,Republican
12,27,0.9769833603187178,Whig,Democratic
12,28,0.9798933124863375,Whig,Republican
12,29,0.9880135822693533,Whig,Republican
12,30,0.9849384866547612,Whig,Republican
12,31,0.9793093046644198,Whig,Democratic
12,32,0.9764335287966878,Whig,Democratic
12,33,0.9778968860951389,Whig,Republican
12,34,0.973879931686958,Whig,Democratic
12,35,0.9684766040839167,Whig,Democratic
12,36,0.9800129672921005,Whig,Republican
12,37,0.9733256513693973,Whig,Republican
12,38,0.9766077536427551,Whig,Democratic
12,39,0.9661833848842046,Whig,Republican
12,40,0.9528474868538652,Whig,Republican
12,41,0.9464343004700958,Whig,Democratic
12,42,0.9650553442779739,Whig,Republican
12,43,0.946413921150288,Whig,Democratic
12,44,0.9635573118659445,Whig,Republican
13,1,0.9958397981591357,Whig,Unaffiliated
13,2,0.9972413252363737,Whig,Federalist
13,3,0.9933907048068377,Whig,Democratic-Republican
13,4,0.9970893085216411,Whig,Democratic-Republican
13,5,0.9978276143198355,Whig,Democratic-Republican
13,6,0.9966061219000648,Whig,Democratic-Republican
13,7,0.998679337104551,Whig,Democratic
13,8,0.9984890942401886,Whig,Democratic
13,9,0.0,Whig,Whig
13,10,0.9985674560618782,Whig,Whig
13,11,0.9985502851813032,Whig,Democratic
13,12,0.9966753036326731,Whig,Whig
13,13,1.0,Whig,Whig
13,14,0.9979290081052998,Whig,Democratic
13,15,0.9971679985607886,Whig,Democratic
13,16,0.9962283719312832,Whig,Republican
13,17,0.9978741677924581,Whig,Democratic
13,18,0.9989925629408521,Whig,Republican
13,19,0.9970898773756385,Whig,Republican
13,20,0.0,Whig,Republican
13,21,0.9898542636682753,Whig,Republican
13,22,0.9963378238793874,Whig,Democratic
13,23,0.9980660265422505,Whig,Republican
13,24,0.9931327473008974,Whig,Republican
13,25,0.9952634803584435,Whig,Republican
13,26,0.9953123011953073,Whig,Republican
13,27,0.9840194264092341,Whig,Democratic
13,28,0.9864520964524383,Whig,Republican
13,29,0.9929280598393367,Whig,Republican
13,30,0.9896820479358635,Whig,Republican
13,31,0.9854848858840743,Whig,Democratic
13,32,0.9810429918319784,Whig,Democratic
13,33,0.9827927598053404,Whig,Republican
13,34,0.9799620150963526,Whig,Democratic
13,35,0.969434872582353,Whig,Democratic
13,36,0.9818311245925451,Whig,Republican
13,37,0.9769577899539995,Whig,Republican
13,38,0.9763395132505567,Whig,Democratic
13,39,0.9680502564605434,Whig,Republican
13,40,0.9535986486044945,Whig,Republican
13,41,0.9465283787541017,Whig,Democratic
13,42,0.9656719066914614,Whig,Republican
13,43,0.9481104981794263,Whig,Democratic
13,44,0.9618662063931321,Whig,Republican
14,1,0.9916230645144446,Democratic,Unaffiliated
14,2,0.9945084455361398,Democratic,Federalist
14,3,0.9893665771799296,Democratic,Democratic-Republican
14,4,0.995803303535546,Democratic,Democratic-Republican
14,5,0.9945591928595603,Democratic,Democratic-Republican
14,6,0.9973658065837313,Democratic,Democratic-Republican
14,7,0.9957499106102188,Democratic,Democratic
14,8,0.9971053642237603,Democratic,Democratic
14,9,0.0,Democratic,Whig
14,10,0.9956683634546747,Democratic,Whig
14,11,0.9974990128036854,Democratic,Democratic
14,12,0.995298759090477,Democratic,Whig
14,13,0.9979290081052998,Democratic,Whig
14,14,1.0,Democratic,Democratic
14,15,0.9958642247948204,Democratic,Democratic
14,16,0.9959728561871528,Democratic,Republican
14,17,0.9979338240165672,Democratic,Democratic
14,18,0.9982002109692407,Democratic,Republican
14,19,0.9979281608027146,Democratic,Republican
14,20,0.0,Democratic,Republican
14,21,0.9908273629422597,Democratic,Republican
14,22,0.9965394765361161,Democratic,Democratic
14,23,0.9967318386378121,Democratic,Republican
14,24,0.9953219835123892,Democratic,Republican
14,25,0.9931490544763001,Democratic,Republican
14,26,0.9957863320203447,Democratic,Republican
14,27,0.9791728420116416,Democratic,Democratic
14,28,0.982803405071594,Democratic,Republican
14,29,0.9886637782183378,Democratic,Republican
14,30,0.9893597191813751,Democratic,Republican
14,31,0.9832060537950984,Democratic,Democratic
14,32,0.9772781443096015,Democratic,Democratic
14,33,0.9820666566955489,Democratic,Republican
14,34,0.9785337149119693,Democratic,Democratic
14,35,0.9639947072910799,Democratic,Democratic
14,36,0.9767718401255762,Democratic,Republican
14,37,0.9749594055845632,Democratic,Republican
14,38,0.9771561052130152,Democratic,Democratic
14,39,0.9639106929421579,Democratic,Republican
14,40,0.9478282241491032,Democratic,Republican
14,41,0.93961942123295,Democratic,Democratic
14,42,0.9615302183436867,Democratic,Republican
14,43,0.9405272277847618,Democratic,Democratic
14,44,0.958957204874288,Democratic,Republican
15,1,0.9918411451551269,Democratic,Unaffiliated
15,2,0.9937845378197643,Democratic,Federalist
15,3,0.989050644867716,Democratic,Democratic-Republican
15,4,0.9918810439528412,Democratic,Democratic-Republican
15,5,0.9963980286510006,Democratic,Democratic-Republican
15,6,0.9928882610882908,Democratic,Democratic-Republican
15,7,0.9967944973567475,Democratic,Democratic
15,8,0.99433818902571,Democratic,Democratic
15,9,0.0,Democratic,Whig
15,10,0.9965331213674369,Democratic,Whig
15,11,0.9981933286709708,Democratic,Democratic
15,12,0.9977236225907185,Democratic,Whig
15,13,0.9971679985607886,Democratic,Whig
15,14,0.9958642247948204,Democratic,Democratic
15,15,1.0,Democratic,Democratic
15,16,0.9961320531104741,Democratic,Republican
15,17,0.9966705352805529,Democratic,Democratic
15,18,0.9967730964183747,Democratic,Republican
15,19,0.9934137734692575,Democratic,Republican
15,20,0.0,Democratic,Republican
15,21,0.9873734400760916,Democratic,Republican
15,22,0.9915285022429183,Democratic,Democratic
15,23,0.9949710546083176,Democratic,Republican
15,24,0.9928496341549281,Democratic,Republican
15,25,0.9935350450440431,Democratic,Republican
15,26,0.9943654549726043,Democratic,Republican
15,27,0.9819531150249018,Democratic,Democratic
15,28,0.9834316771993337,Democratic,Republican
15,29,0.9902241412209523,Democratic,Republican
15,30,0.9848249811550073,Democratic,Republican
15,31,0.9829403120465436,Democratic,Democratic
15,32,0.980135633557864,Democratic,Democratic
15,33,0.9798874262220789,Democratic,Republican
15,34,0.9781203526888984,Democratic,Democratic
15,35,0.9732554393711513,Democratic,Democratic
15,36,0.9843137906499518,Democratic,Republican
15,37,0.9774870501836066,Democratic,Republican
15,38,0.977465366710526,Democratic,Democratic
15,39,0.971903588328114,Democratic,Republican
15,40,0.9591264761599839,Democratic,Republican
15,41,0.9525201004964916,Democratic,Democratic
15,42,0.9688224402302741,Democratic,Republican
15,43,0.9531734736865747,Democratic,Democratic
15,44,0.9684806688958273,Democratic,Republican
16,1,0.9910152427375745,Republican,Unaffiliated
16,2,0.993680197149212,Republican,Federalist
16,3,0.9918173510656343,Republican,Democratic-Republican
16,4,0.9919494270539634,Republican,Democratic-Republican
16,5,0.994810593808551,Republican,Democratic-Republican
16,6,0.9925823298185603,Republican,Democratic-Republican
16,7,0.9953059228121032,Republican,Democratic
16,8,0.9960786922605995,Republican,Democratic
16,9,0.0,Republican,Whig
16,10,0.9946016453844827,Republican,Whig
16,11,0.9960382384986698,Republican,Democratic
16,12,0.9917612932526397,Republican,Whig
16,13,0.9962283719312832,Republican,Whig
16,14,0.9959728561871528,Republican,Democratic
16,15,0.9961320531104741,Republican,Democratic
16,16,1.0,Republican,Republican
16,17,0.9980054964576314,Republican,Democratic
16,18,0.9968346366928159,Republican,Republican
16,19,0.9941677428520267,Republican,Republican
16,20,0.0,Republican,Republican
16,21,0.9863520323801778,Republican,Republican
16,22,0.9941168271662253,Republican,Democratic
16,23,0.9955163163759234,Republican,Republican
16,24,0.991109263471284,Republican,Republican
16,25,0.9967234447375793,Republican,Republican
16,26,0.9923172699425243,Republican,Republican
16,27,0.9862416366867235,Republican,Democratic
16,28,0.9886504211882017,Republican,Republican
16,29,0.9928534913152575,Republican,Republican
16,30,0.98935236319871,Republican,Republican
16,31,0.9889975823011322,Republican,Democratic
16,32,0.9846392363765929,Republican,Democratic
16,33,0.9859721975417006,Republican,Republican
16,34,0.9841687452634454,Republican,Democratic
16,35,0.9759028583081506,Republican,Democratic
16,36,0.9853140110873065,Republican,Republican
16,37,0.9843089928775947,Republican,Republican
16,38,0.9807404090141364,Republican,Democratic
16,39,0.9769123589415567,Republican,Republican
16,40,0.963493709021975,Republican,Republican
16,41,0.9561796454594469,Republican,Democratic
16,42,0.9731815899407077,Republican,Republican
16,43,0.9582048041081279,Republican,Democratic
16,44,0.971894387737457,Republican,Republican
17,1,0.991362965795966,Democratic,Unaffiliated
17,2,0.9952077600260418,Democratic,Federalist
17,3,0.9905871440055485,Democratic,Democratic-Republican
17,4,0.9948405900349228,Democratic,Democratic-Republican
17,5,0.9950321702207423,Democratic,Democratic-Republican
17,6,0.9965096608200474,Democratic,Democratic-Republican
17,7,0.9961311378905732,Democratic,Democratic
17,8,0.9970183814470228,Democratic,Democratic
17,9,0.0,Democratic,Whig
17,10,0.9956349115297891,Democratic,Whig
17,11,0.9978311643571359,Democratic,Democratic
17,12,0.9945131117277806,Democratic,Whig
17,13,0.9978741677924581,Democratic,Whig
17,14,0.9979338240165672,Democratic,Democratic
17,15,0.9966705352805529,Democratic,Democratic
17,16,0.9980054964576314,Democratic,Republican
17,17,1.0,Democratic,Democratic
17,18,0.9985539723942956,Democratic,Republican
17,19,0.9976468984841866,Democratic,Republican
17,20,0.0,Democratic,Republican
17,21,0.990962178845625,Democratic,Republican
17,22,0.9968683565587402,Democratic,Democratic
17,23,0.9982618519547669,Democratic,Republican
17,24,0.9953138683785724,Democratic,Republican
17,25,0.9954494187338527,Democratic,Republican
17,26,0.9960834783489669,Democratic,Republican
17,27,0.9826013428815914,Democratic,Democratic
17,28,0.9869415121201687,Democratic,Republican
17,29,0.9929922239728144,Democratic,Republican
17,30,0.9920552507705152,Democratic,Republican
17,31,0.986286888924802,Democratic,Democratic
17,32,0.9819492110043904,Democratic,Democratic
17,33,0.9854611910055614,Democratic,Republican
17,34,0.9821229904867095,Democratic,Democratic
17,35,0.9701396741935677,Democratic,Democratic
17,36,0.9814375678236632,Democratic,Republican
17,37,0.9811396207917473,Democratic,Republican
17,38,0.9818393638526046,Democratic,Democratic
17,39,0.9713541620751284,Democratic,Republican
17,40,0.9565686052124689,Democratic,Republican
17,41,0.9488480713390026,Democratic,Democratic
17,42,0.9690115568714806,Democratic,Republican
17,43,0.9501517970103212,Democratic,Democratic
17,44,0.9660081811400285,Democratic,Republican
18,1,0.9936035019357691,Republican,Unaffiliated
18,2,0.9959113510492622,Republican,Federalist
18,3,0.9914690153235388,Republican,Democratic-Republican
18,4,0.9959687054638944,Republican,Democratic-Republican
18,5,0.9964773688088665,Republican,Democratic-Republican
18,6,0.9975501094738398,Republican,Democratic-Republican
18,7,0.9966643365286992,Republican,Democratic
18,8,0.9973839116477563,Republican,Democratic
18,9,0.0,Republican,Whig
18,10,0.9970742420415966,Republican,Whig
18,11,0.9981600773173982,Republican,Democratic
18,12,0.9960512071382118,Republican,Whig
18,13,0.9989925629408521,Republican,Whig
18,14,0.9982002109692407,Republican,Democratic
18,15,0.9967730964183747,Republican,Democratic
18,16,0.9968346366928159,Republican,Republican
18,17,0.9985539723942956,Republican,Democratic
18,18,1.0,Republican,Republican
18,19,0.9979687494225983,Republican,Republican
18,20,0.0,Republican,Republican
18,21,0.9919214043062768,Republican,Republican
18,22,0.9968559960774832,Republican,Democratic
18,23,0.9985382289958701,Republican,Republican
18,24,0.9950861400643587,Republican,Republican
18,25,0.9943925464756875,Republican,Republican
18,26,0.9963903080434718,Republican,Republican
18,27,0.9807582087605199,Republican,Democratic
18,28,0.9848171037267833,Republican,Republican
18,29,0.9920944378775177,Republican,Republican
18,30,0.9908408703827278,Republican,Republican
18,31,0.9845824301853955,Republican,Democratic
18,32,0.9799813046814828,Republican,Democratic
18,33,0.9832046206707752,Republican,Republican
18,34,0.9799835312330307,Republican,Democratic
18,35,0.9683510890961075,Republican,Democratic
18,36,0.9808232802550816,Republican,Republican
18,37,0.9771745470938616,Republican,Republican
18,38,0.9778435409135889,Republican,Democratic
18,39,0.967934298067826,Republican,Republican
18,40,0.952970445197016,Republican,Republican
18,41,0.945608560031248,Republican,Democratic
18,42,0.9660962099231996,Republican,Republican
18,43,0.9467809029653417,Republican,Democratic
18,44,0.9631504510927943,Republican,Republican
19,1,0.9902006541680722,Republican,Unaffiliated
19,2,0.9937650473208476,Republican,Federalist
19,3,0.9866061912520537,Republican,Democratic-Republican
19,4,0.9960496690849209,Republican,Democratic-Republican
19,5,0.9921537542984202,Republican,Democratic-Republican
19,6,0.9976465042309988,Republican,Democratic-Republican
19,7,0.993254317583153,Republican,Democratic
19,8,0.9957053397602038,Republican,Democratic
19,9,0.0,Republican,Whig
19,10,0.9938532463134702,Republican,Whig
19,11,0.9956432592325648,Republican,Democratic
19,12,0.9936372472302589,Republican,Whig
19,13,0.9970898773756385,Republican,Whig
19,14,0.9979281608027146,Republican,Democratic
19,15,0.9934137734692575,Republican,Democratic
19,16,0.9941677428520267,Republican,Republican
19,17,0.9976468984841866,Republican,Democratic
19,18,0.9979687494225983,Republican,Republican
19,19,1.0,Republican,Republican
19,20,0.0,Republican,Republican
19,21,0.9948414837750528,Republican,Republican
19,22,0.9987489301736009,Republican,Democratic
19,23,0.9987004692767925,Republican,Republican
19,24,0.9970233491471572,Republican,Republican
19,25,0.9915988739952002,Republican,Republican
19,26,0.997695545841375,Republican,Republican
19,27,0.9745704795048681,Republican,Democratic
19,28,0.982349292240691,Republican,Republican
19,29,0.9904514978818615,Republican,Republican
19,30,0.9938022526525141,Republican,Republican
19,31,0.9818664311965091,Republican,Democratic
19,32,0.9769626875878346,Republican,Democratic
19,33,0.9851416496578917,Republican,Republican
19,34,0.979382180216047,Republican,Democratic
19,35,0.9605734178503562,Republican,Democratic
19,36,0.973191081704511,Republican,Republican
19,37,0.9750653574195324,Republican,Republican
19,38,0.9806215216791201,Republican,Democratic
19,39,0.9605328872882279,Republican,Republican
19,40,0.9432224670502348,Republican,Republican
19,41,0.9350107859566492,Republican,Democratic
19,42,0.9600532821950493,Republican,Republican
19,43,0.9348058398360697,Republican,Democratic
19,44,0.9552171994438973,Republican,Republican
20,1,0.0,Republican,Unaffiliated
20,2,0.0,Republican,Federalist
20,3,0.0,Republican,Democratic-Republican
20,4,0.0,Republican,Democratic-Republican
20,5,0.0,Republican,Democratic-Republican
20,6,0.0,Republican,Democratic-Republican
20,7,0.0,Republican,Democratic
20,8,0.0,Republican,Democratic
20,9,1.0,Republican,Whig
20,10,0.0,Republican,Whig
20,11,0.0,Republican,Democratic
20,12,0.0,Republican,Whig
20,13,0.0,Republican,Whig
20,14,0.0,Republican,Democratic
20,15,0.0,Republican,Democratic
20,16,0.0,Republican,Republican
20,17,0.0,Republican,Democratic
20,18,0.0,Republican,Republican
20,19,0.0,Republican,Republican
20,20,1.0,Republican,Republican
20,21,0.0,Republican,Republican
20,22,0.0,Republican,Democratic
20,23,0.0,Republican,Republican
20,24,0.0,Republican,Republican
20,25,0.0,Republican,Republican
20,26,0.0,Republican,Republican
20,27,0.0,Republican,Democratic
20,28,0.0,Republican,Republican
20,29,0.0,Republican,Republican
20,30,0.0,Republican,Republican
20,31,0.0,Republican,Democratic
20,32,0.0,Republican,Democratic
20,33,0.0,Republican,Republican
20,34,0.0,Republican,Democratic
20,35,0.0,Republican,Democratic
20,36,0.0,Republican,Republican
20,37,0.0,Republican,Republican
20,38,0.0,Republican,Democratic
20,39,0.0,Republican,Republican
20,40,0.0,Republican,Republican
20,41,0.0,Republican,Democratic
20,42,0.0,Republican,Republican
20,43,0.0,Republican,Democratic
20,44,0.0,Republican,Republican
21,1,0.9796361389413052,Republican,Unaffiliated
21,2,0.9868396919313707,Republican,Federalist
21,3,0.974978218993034,Republican,Democratic-Republican
21,4,0.9880477328115705,Republican,Democratic-Republican
21,5,0.9840745682651153,Republican,Democratic-Republican
21,6,0.9918998737378779,Republican,Democratic-Republican
21,7,0.9840512284529208,Republican,Democratic
21,8,0.985917909931466,Republican,Democratic
21,9,0.0,Republican,Whig
21,10,0.9850718232446568,Republican,Whig
21,11,0.9902735021039086,Republican,Democratic
21,12,0.9900649547907575,Republican,Whig
21,13,0.9898542636682753,Republican,Whig
21,14,0.9908273629422597,Republican,Democratic
21,15,0.9873734400760916,Republican,Democratic
21,16,0.9863520323801778,Republican,Republican
21,17,0.990962178845625,Republican,Democratic
21,18,0.9919214043062768,Republican,Republican
21,19,0.9948414837750528,Republican,Republican
21,20,0.0,Republican,Republican
21,21,1.0,Republican,Republican
21,22,0.9938563769805302,Republican,Democratic
21,23,0.9942412577549585,Republican,Republican
21,24,0.9967769888869672,Republican,Republican
21,25,0.9804229847244563,Republican,Republican
21,26,0.9963535211672466,Republican,Republican
21,27,0.9589259955753803,Republican,Democratic
21,28,0.9708622203016726,Republican,Republican
21,29,0.9842842991626458,Republican,Republican
21,30,0.9924184770422511,Republican,Republican
21,31,0.9717498712052273,Republican,Democratic
21,32,0.9688386272354527,Republican,Democratic
21,33,0.9811520243990939,Republican,Republican
21,34,0.9702876957957534,Republican,Democratic
21,35,0.9526235372145014,Republican,Democratic
21,36,0.963676647030466,Republican,Republican
21,37,0.9703643949857776,Republican,Republican
21,38,0.9829049651082293,Republican,Democratic
21,39,0.9522611954753739,Republican,Republican
21,40,0.9320288913951281,Republican,Republican
21,41,0.927287026205946,Republican,Democratic
21,42,0.9553222698648878,Republican,Republican
21,43,0.9260632629184692,Republican,Democratic
21,44,0.9551134116388886,Republican,Republican
22,1,0.9903672617261794,Democratic,Unaffiliated
22,2,0.9934429949471946,Democratic,Federalist
22,3,0.9887310620663757,Democratic,Democratic-Republican
22,4,0.9962085086250849,Democratic,Democratic-Republican
22,5,0.9911130658865448,Democratic,Democratic-Republican
22,6,0.9960242892328873,Democratic,Democratic-Republican
22,7,0.9927965374872971,Democratic,Democratic
22,8,0.9958528520792117,Democratic,Democratic
22,9,0.0,Democratic,Whig
22,10,0.9934513110109487,Democratic,Whig
22,11,0.9945660353103102,Democratic,Democratic
22,12,0.9909950560758729,Democratic,Whig
22,13,0.9963378238793874,Democratic,Whig
22,14,0.9965394765361161,Democratic,Democratic
22,15,0.9915285022429183,Democratic,Democratic
22,16,0.9941168271662253,Democratic,Republican
22,17,0.9968683565587402,Democratic,Democratic
22,18,0.9968559960774832,Democratic,Republican
22,19,0.9987489301736009,Democratic,Republican
22,20,0.0,Democratic,Republican
22,21,0.9938563769805302,Democratic,Republican
22,22,1.0,Democratic,Democratic
22,23,0.9984073168283993,Democratic,Republican
22,24,0.9951861787093944,Democratic,Republican
22,25,0.9923450627449047,Democratic,Republican
22,26,0.9961468008828244,Democratic,Republican
22,27,0.9770443689351421,Democratic,Democratic
22,28,0.985451462194757,Democratic,Republican
22,29,0.992262479262551,Democratic,Republican
22,30,0.9957859014210667,Democratic,Republican
22,31,0.9843883990438514,Democratic,Democratic
22,32,0.979510880810153,Democratic,Democratic
22,33,0.9880897742215881,Democratic,Republican
22,34,0.9822708654558273,Democratic,Democratic
22,35,0.9625754379279763,Democratic,Democratic
22,36,0.9746498222562889,Democratic,Republican
22,37,0.9784604613303348,Democratic,Republican
22,38,0.9824091767601956,Democratic,Democratic
22,39,0.9638198039426861,Democratic,Republican
22,40,0.9454863253889079,Democratic,Republican
22,41,0.9387274317048895,Democratic,Democratic
22,42,0.9626520809545345,Democratic,Republican
22,43,0.9388509249030966,Democratic,Democratic
22,44,0.957154460116408,Democratic,Republican
23,1,0.9913164205716596,Republican,Unaffiliated
23,2,0.9946065052901027,Republican,Federalist
23,3,0.9888357198612798,Republican,Democratic-Republican
23,4,0.9958517243580173,Republican,Democratic-Republican
23,5,0.9945948882492051,Republican,Democratic-Republican
23,6,0.9973209992154904,Republican,Democratic-Republican
23,7,0.9950802079259501,Republican,Democratic
23,8,0.9964186305544049,Republican,Democratic
23,9,0.0,Republican,Whig
23,10,0.995454118940609,Republican,Whig
23,11,0.996844941347152,Republican,Democratic
23,12,0.9942414964249998,Republican,Whig
23,13,0.9980660265422505,Republican,Whig
23,14,0.9967318386378121,Republican,Democratic
23,15,0.9949710546083176,Republican,Democratic
23,16,0.9955163163759234,Republican,Republican
23,17,0.9982618519547669,Republican,Democratic
23,18,0.9985382289958701,Republican,Republican
23,19,0.9987004692767925,Republican,Republican
23,20,0.0,Republican,Republican
23,21,0.9942412577549585,Republican,Republican
23,22,0.9984073168283993,Republican,Democratic
23,23,1.0,Republican,Republican
23,24,0.9960630875270154,Republican,Republican
23,25,0.9930935337168418,Republican,Republican
23,26,0.9975110817008099,Republican,Republican
23,27,0.9778816798008886,Republican,Democratic
23,28,0.9842423571076337,Republican,Republican
23,29,0.9929924694287228,Republican,Republican
23,30,0.9939515119678555,Republican,Republican
23,31,0.9831312577241709,Republican,Democratic
23,32,0.9788339331299613,Republican,Democratic
23,33,0.9846439447301372,Republican,Republican
23,34,0.9794173141580503,Republican,Democratic
23,35,0.9650247392822807,Republican,Democratic
23,36,0.9775164292454636,Republican,Republican
23,37,0.9774697053540737,Republican,Republican
23,38,0.9806826589350895,Republican,Democratic
23,39,0.9647313866063528,Republican,Republican
23,40,0.9481767707896249,Republican,Republican
23,41,0.94120376124461,Republican,Democratic
23,42,0.9633753135938781,Republican,Republican
23,43,0.9421092524530499,Republican,Democratic
23,44,0.9596668116961716,Republican,Republican
24,1,0.9816472129835113,Republican,Unaffiliated
24,2,0.988188369917568,Republican,Federalist
24,3,0.9773940503677112,Republican,Democratic-Republican
24,4,0.9896736817083787,Republican,Democratic-Republican
24,5,0.9881524871702775,Republican,Democratic-Republican
24,6,0.9945393131751961,Republican,Democratic-Republican
24,7,0.987978771875116,Republican,Democratic
24,8,0.9891368792864114,Republican,Democratic
24,9,0.0,Republican,Whig
24,10,0.9886212869110548,Republican,Whig
24,11,0.9945964509763096,Republican,Democratic
24,12,0.993918618055027,Republican,Whig
24,13,0.9931327473008974,Republican,Whig
24,14,0.9953219835123892,Republican,Democratic
24,15,0.9928496341549281,Republican,Democratic
24,16,0.991109263471284,Republican,Republican
24,17,0.9953138683785724,Republican,Democratic
24,18,0.9950861400643587,Republican,Republican
24,19,0.9970233491471572,Republican,Republican
24,20,0.0,Republican,Republican
24,21,0.9967769888869672,Republican,Republican
24,22,0.9951861787093944,Republican,Democratic
24,23,0.9960630875270154,Republican,Republican
24,24,1.0,Republican,Republican
24,25,0.9850240341129487,Republican,Republican
24,26,0.9984405688435096,Republican,Republican
24,27,0.9642116986068887,Republican,Democratic
24,28,0.9741970032879199,Republican,Republican
24,29,0.9849289006865154,Republican,Republican
24,30,0.9907226399311967,Republican,Republican
24,31,0.973570088119279,Republican,Democratic
24,32,0.9696183326229515,Republican,Democratic
24,33,0.9801937424817477,Republican,Republican
24,34,0.971772551788168,Republican,Democratic
24,35,0.9555586084836051,Republican,Democratic
24,36,0.9677479061942598,Republican,Republican
24,37,0.9717926683991036,Republican,Republican
24,38,0.982918942527794,Republican,Democratic
24,39,0.9570593408552033,Republican,Republican
24,40,0.9384984022424344,Republican,Republican
24,41,0.9311910093828358,Republican,Democratic
24,42,0.957909345169354,Republican,Republican
24,43,0.9307406382086859,Republican,Democratic
24,44,0.9583424371448401,Republican,Republican
25,1,0.9948970049962854,Republican,Unaffiliated
25,2,0.9945825349117208,Republican,Federalist
25,3,0.9950796746540529,Republican,Democratic-Republican
25,4,0.9931506981151098,Republican,Democratic-Republican
25,5,0.9930722142662927,Republican,Democratic-Republican
25,6,0.9886935933889942,Republican,Democratic-Republican
25,7,0.9961095586648558,Republican,Democratic
25,8,0.9962768591364057,Republican,Democratic
25,9,0.0,Republican,Whig
25,10,0.9960639493477025,Republican,Whig
25,11,0.9924734143516151,Republican,Democratic
25,12,0.9896841071023978,Republican,Whig
25,13,0.9952634803584435,Republican,Whig
25,14,0.9931490544763001,Republican,Democratic
25,15,0.9935350450440431,Republican,Democratic
25,16,0.9967234447375793,Republican,Republican
25,17,0.9954494187338527,Republican,Democratic
25,18,0.9943925464756875,Republican,Republican
25,19,0.9915988739952002,Republican,Republican
25,20,0.0,Republican,Republican
25,21,0.9804229847244563,Republican,Republican
25,22,0.9923450627449047,Republican,Democratic
25,23,0.9930935337168418,Republican,Republican
25,24,0.9850240341129487,Republican,Republican
25,25,1.0,Republican,Republican
25,26,0.9895433036918547,Republican,Republican
25,27,0.9925974613694114,Republican,Democratic
25,28,0.9956240618841685,Republican,Republican
25,29,0.9963025130472374,Republican,Republican
25,30,0.9887600164380499,Republican,Republican
25,31,0.9937209846218455,Republican,Democratic
25,32,0.9902039588856181,Republican,Democratic
25,33,0.9893286353610061,Republican,Republican
25,34,0.9894442577665052,Republican,Democratic
25,35,0.9797223815628899,Republican,Democratic
25,36,0.9897276180157019,Republican,Republican
25,37,0.9860048699631307,Republican,Republican
25,38,0.9795634018733018,Republican,Democratic
25,39,0.9811731079914382,Republican,Republican
25,40,0.9696770349861003,Republican,Republican
25,41,0.9620905901831498,Republican,Democratic
25,42,0.9760551188796561,Republican,Republican
25,43,0.9636367235272693,Republican,Democratic
25,44,0.9688865307764035,Republican,Republican
26,1,0.9865649497625042,Republican,Unaffiliated
26,2,0.9914016362527112,Republican,Federalist
26,3,0.9817942381384293,Republican,Democratic-Republican
26,4,0.9923532841122363,Republican,Democratic-Republican
26,5,0.9901044736022117,Republican,Democratic-Republican
26,6,0.9949359799728711,Republican,Democratic-Republican
26,7,0.9912555202037163,Republican,Democratic
26,8,0.9916380035294686,Republican,Democratic
26,9,0.0,Republican,Whig
26,10,0.9924770173992629,Republican,Whig
26,11,0.9947723175970783,Republican,Democratic
26,12,0.9959166706149005,Republican,Whig
26,13,0.9953123011953073,Republican,Whig
26,14,0.9957863320203447,Republican,Democratic
26,15,0.9943654549726043,Republican,Democratic
26,16,0.9923172699425243,Republican,Republican
26,17,0.9960834783489669,Republican,Democratic
26,18,0.9963903080434718,Republican,Republican
26,19,0.997695545841375,Republican,Republican
26,20,0.0,Republican,Republican
26,21,0.9963535211672466,Republican,Republican
26,22,0.9961468008828244,Republican,Democratic
26,23,0.9975110817008099,Republican,Republican
26,24,0.9984405688435096,Republican,Republican
26,25,0.9895433036918547,Republican,Republican
26,26,1.0,Republican,Republican
26,27,0.971117342378328,Republican,Democratic
26,28,0.980408723669344,Republican,Republican
26,29,0.9898528051232688,Republican,Republican
26,30,0.993022398322483,Republican,Republican
26,31,0.9792422084721245,Republican,Democratic
26,32,0.9755498469190074,Republican,Democratic
26,33,0.9840058214568522,Republican,Republican
26,34,0.9767504533207465,Republican,Democratic
26,35,0.9623050075901813,Republican,Democratic
26,36,0.9745720043670374,Republican,Republican
26,37,0.9758647658908912,Republican,Republican
26,38,0.9842137886025302,Republican,Democratic
26,39,0.9626320098154039,Republican,Republican
26,40,0.9456700501319741,Republican,Republican
26,41,0.9387044646572699,Republican,Democratic
26,42,0.9623230111073457,Republican,Republican
26,43,0.938041995945874,Republican,Democratic
26,44,0.9597687199425785,Republican,Republican
27,1,0.9894108852811649,Democratic,Unaffiliated
27,2,0.9881784853647099,Democratic,Federalist
27,3,0.993778616908253,Democratic,Democratic-Republican
27,4,0.9798853842384397,Democratic,Democratic-Republican
27,5,0.9822606057033726,Democratic,Democratic-Republican
27,6,0.9733012802189629,Democratic,Democratic-Republican
27,7,0.9880616696795158,Democratic,Democratic
27,8,0.9861052343178524,Democratic,Democratic
27,9,0.0,Democratic,Whig
27,10,0.9865356416898483,Democratic,Whig
27,11,0.9806059474536699,Democratic,Democratic
27,12,0.9769833603187178,Democratic,Whig
27,13,0.9840194264092341,Democratic,Whig
27,14,0.9791728420116416,Democratic,Democratic
27,15,0.9819531150249018,Democratic,Democratic
27,16,0.9862416366867235,Democratic,Republican
27,17,0.9826013428815914,Democratic,Democratic
27,18,0.9807582087605199,Democratic,Republican
27,19,0.9745704795048681,Democratic,Republican
27,20,0.0,Democratic,Republican
27,21,0.9589259955753803,Democratic,Republican
27,22,0.9770443689351421,Democratic,Democratic
27,23,0.9778816798008886,Democratic,Republican
27,24,0.9642116986068887,Democratic,Republican
27,25,0.9925974613694114,Democratic,Republican
27,26,0.971117342378328,Democratic,Republican
27,27,1.0,Democratic,Democratic
27,28,0.9934615486502584,Democratic,Republican
27,29,0.9883120034648583,Democratic,Republican
27,30,0.9752048975813824,Democratic,Republican
27,31,0.9944682188449715,Democratic,Democratic
27,32,0.9915570331101774,Democratic,Democratic
27,33,0.9806287009195025,Democratic,Republican
27,34,0.9861990055303924,Democratic,Democratic
27,35,0.9882793658780925,Democratic,Democratic
27,36,0.9931157051451085,Democratic,Republican
27,37,0.9855908840144944,Democratic,Republican
27,38,0.9673393123541095,Democratic,Democratic
27,39,0.9869141129030187,Democratic,Republican
27,40,0.9802635511201906,Democratic,Republican
27,41,0.9766571957221296,Democratic,Democratic
27,42,0.9802519319733678,Democratic,Republican
27,43,0.9780090303978428,Democratic,Democratic
27,44,0.9696227510330447,Democratic,Republican
28,1,0.9897277186233314,Republican,Unaffiliated
28,2,0.9897431622726748,Republican,Federalist
28,3,0.9912290616950826,Republican,Democratic-Republican
28,4,0.9848290598875575,Republican,Democratic-Republican
28,5,0.9822509980874,Republican,Democratic-Republican
28,6,0.9766109849292433,Republican,Democratic-Republican
28,7,0.9878202462987188,Republican,Democratic
28,8,0.9878344573070725,Republican,Democratic
28,9,0.0,Republican,Whig
28,10,0.9877142521166756,Republican,Whig
28,11,0.9824322135761024,Republican,Democratic
28,12,0.9798933124863375,Republican,Whig
28,13,0.9864520964524383,Republican,Whig
28,14,0.982803405071594,Republican,Democratic
28,15,0.9834316771993337,Republican,Democratic
28,16,0.9886504211882017,Republican,Republican
28,17,0.9869415121201687,Republican,Democratic
28,18,0.9848171037267833,Republican,Republican
28,19,0.982349292240691,Republican,Republican
28,20,0.0,Republican,Republican
28,21,0.9708622203016726,Republican,Republican
28,22,0.985451462194757,Republican,Democratic
28,23,0.9842423571076337,Republican,Republican
28,24,0.9741970032879199,Republican,Republican
28,25,0.9956240618841685,Republican,Republican
28,26,0.980408723669344,Republican,Republican
28,27,0.9934615486502584,Republican,Democratic
28,28,1.0,Republican,Republican
28,29,0.9960392802222064,Republican,Republican
28,30,0.9871208584471916,Republican,Republican
28,31,0.9963761791069766,Republican,Democratic
28,32,0.9950480678433062,Republican,Democratic
28,33,0.9928896649954492,Republican,Republican
28,34,0.993017218055093,Republican,Democratic
28,35,0.9846035837437805,Republican,Democratic
28,36,0.9908270997304635,Republican,Republican
28,37,0.9913614608961746,Republican,Republican
28,38,0.9821128890008591,Republican,Democratic
28,39,0.9880170378480295,Republican,Republican
28,40,0.978276092412962,Republican,Republican
28,41,0.9722671373322569,Republican,Democratic
28,42,0.9835774543412299,Republican,Republican
28,43,0.9730328301373099,Republican,Democratic
28,44,0.9719334566985961,Republican,Republican
29,1,0.9929968673995103,Republican,Unaffiliated
29,2,0.9942498337569134,Republican,Federalist
29,3,0.9922085476024589,Republican,Democratic-Republican
29,4,0.9910032942497543,Republican,Democratic-Republican
29,5,0.989724344499996,Republican,Democratic-Republican
29,6,0.9859991796040952,Republican,Democratic-Republican
29,7,0.9926267162018231,Republican,Democratic
29,8,0.9924344931099863,Republican,Democratic
29,9,0.0,Republican,Whig
29,10,0.992974227923765,Republican,Whig
29,11,0.9901150115517479,Republican,Democratic
29,12,0.9880135822693533,Republican,Whig
29,13,0.9929280598393367,Republican,Whig
29,14,0.9886637782183378,Republican,Democratic
29,15,0.9902241412209523,Republican,Democratic
29,16,0.9928534913152575,Republican,Republican
29,17,0.9929922239728144,Republican,Democratic
29,18,0.9920944378775177,Republican,Republican
29,19,0.9904514978818615,Republican,Republican
29,20,0.0,Republican,Republican
29,21,0.9842842991626458,Republican,Republican
29,22,0.992262479262551,Republican,Democratic
29,23,0.9929924694287228,Republican,Republican
29,24,0.9849289006865154,Republican,Republican
29,25,0.9963025130472374,Republican,Republican
29,26,0.9898528051232688,Republican,Republican
29,27,0.9883120034648583,Republican,Democratic
29,28,0.9960392802222064,Republican,Republican
29,29,1.0,Republican,Republican
29,30,0.9937092173778304,Republican,Republican
29,31,0.9931788569772654,Republican,Democratic
29,32,0.992565932393319,Republican,Democratic
29,33,0.9935799757951417,Republican,Republican
29,34,0.9900060006241631,Republican,Democratic
29,35,0.980704137679489,Republican,Democratic
29,36,0.9888004612232095,Republican,Republican
29,37,0.9894447147445392,Republican,Republican
29,38,0.9858488909774922,Republican,Democratic
29,39,0.9819274994504583,Republican,Republican
29,40,0.9691913023095955,Republican,Republican
29,41,0.9641413230523411,Republican,Democratic
29,42,0.9799464884301792,Republican,Republican
29,43,0.9645728739635766,Republican,Democratic
29,44,0.9712854039125073,Republican,Republican
30,1,0.9843740813196271,Republican,Unaffiliated
30,2,0.9906588785035745,Republican,Federalist
30,3,0.9837955638610565,Republican,Democratic-Republican
30,4,0.9889493851121177,Republican,Democratic-Republican
30,5,0.9821819764510354,Republican,Democratic-Republican
30,6,0.9885995451437581,Republican,Democratic-Republican
30,7,0.985432343754443,Republican,Democratic
30,8,0.9886205230084375,Republican,Democratic
30,9,0.0,Republican,Whig
30,10,0.9863720054782362,Republican,Whig
30,11,0.9875429206902354,Republican,Democratic
30,12,0.9849384866547612,Republican,Whig
30,13,0.9896820479358635,Republican,Whig
30,14,0.9893597191813751,Republican,Democratic
30,15,0.9848249811550073,Republican,Democratic
30,16,0.98935236319871,Republican,Republican
30,17,0.9920552507705152,Republican,Democratic
30,18,0.9908408703827278,Republican,Republican
30,19,0.9938022526525141,Republican,Republican
30,20,0.0,Republican,Republican
30,21,0.9924184770422511,Republican,Republican
30,22,0.9957859014210667,Republican,Democratic
30,23,0.9939515119678555,Republican,Republican
30,24,0.9907226399311967,Republican,Republican
30,25,0.9887600164380499,Republican,Republican
30,26,0.993022398322483,Republican,Republican
30,27,0.9752048975813824,Republican,Democratic
30,28,0.9871208584471916,Republican,Republican
30,29,0.9937092173778304,Republican,Republican
30,30,1.0,Republican,Republican
30,31,0.9871642721791142,Republican,Democratic
30,32,0.9847844816329504,Republican,Democratic
30,33,0.9941619425188,Republican,Republican
30,34,0.9858870961142242,Republican,Democratic
30,35,0.9690324106096296,Republican,Democratic
30,36,0.9761479074868995,Republican,Republican
30,37,0.9865907555606177,Republican,Republican
30,38,0.9915721446304883,Republican,Democratic
30,39,0.9704801147948806,Republican,Republican
30,40,0.9521354126284961,Republican,Republican
30,41,0.9490509529100472,Republican,Democratic
30,42,0.9721292419717138,Republican,Republican
30,43,0.9472176794664209,Republican,Democratic
30,44,0.9634632181974873,Republican,Republican
31,1,0.9887365254758278,Democratic,Unaffiliated
31,2,0.9908207043305777,Democratic,Federalist
31,3,0.9918567853966491,Democratic,Democratic-Republican
31,4,0.9836246140030711,Democratic,Democratic-Republican
31,5,0.9806583777850484,Democratic,Democratic-Republican
31,6,0.9773827110309534,Democratic,Democratic-Republican
31,7,0.9863373700357546,Democratic,Democratic
31,8,0.9870095960333781,Democratic,Democratic
31,9,0.0,Democratic,Whig
31,10,0.9855823294667474,Democratic,Whig
31,11,0.9819739641682753,Democratic,Democratic
31,12,0.9793093046644198,Democratic,Whig
31,13,0.9854848858840743,Democratic,Whig
31,14,0.9832060537950984,Democratic,Democratic
31,15,0.9829403120465436,Democratic,Democratic
31,16,0.9889975823011322,Democratic,Republican
31,17,0.986286888924802,Democratic,Democratic
31,18,0.9845824301853955,Democratic,Republican
31,19,0.9818664311965091,Democratic,Republican
31,20,0.0,Democratic,Republican
31,21,0.9717498712052273,Democratic,Republican
31,22,0.9843883990438514,Democratic,Democratic
31,23,0.9831312577241709,Democratic,Republican
31,24,0.973570088119279,Democratic,Republican
31,25,0.9937209846218455,Democratic,Republican
31,26,0.9792422084721245,Democratic,Republican
31,27,0.9944682188449715,Democratic,Democratic
31,28,0.9963761791069766,Democratic,Republican
31,29,0.9931788569772654,Democratic,Republican
31,30,0.9871642721791142,Democratic,Republican
31,31,1.0,Democratic,Democratic
31,32,0.9980713695759746,Democratic,Democratic
31,33,0.9935830973478518,Democratic,Republican
31,34,0.995784440995649,Democratic,Democratic
31,35,0.9908567683403354,Democratic,Democratic
31,36,0.99401873154688,Democratic,Republican
31,37,0.9948600864470619,Democratic,Republican
31,38,0.9833141010798114,Democratic,Democratic
31,39,0.9906227071788881,Democratic,Republican
31,40,0.9819200380226711,Democratic,Republican
31,41,0.9778714902034215,Democratic,Democratic
31,42,0.9876991064513235,Democratic,Republican
31,43,0.9768244138111061,Democratic,Democratic
31,44,0.9768490934461975,Democratic,Republican
32,1,0.9857932564355447,Democratic,Unaffiliated
32,2,0.9880170218847905,Democratic,Federalist
32,3,0.9884894282327512,Democratic,Democratic-Republican
32,4,0.9790418974084811,Democratic,Democratic-Republican
32,5,0.9766514862274323,Democratic,Democratic-Republican
32,6,0.9711231495099608,Democratic,Democratic-Republican
32,7,0.9824583841044594,Democratic,Democratic
32,8,0.981738284922033,Democratic,Democratic
32,9,0.0,Democratic,Whig
32,10,0.9815645311598207,Democratic,Whig
32,11,0.9780804593855961,Democratic,Democratic
32,12,0.9764335287966878,Democratic,Whig
32,13,0.9810429918319784,Democratic,Whig
32,14,0.9772781443096015,Democratic,Democratic
32,15,0.980135633557864,Democratic,Democratic
32,16,0.9846392363765929,Democratic,Republican
32,17,0.9819492110043904,Democratic,Democratic
32,18,0.9799813046814828,Democratic,Republican
32,19,0.9769626875878346,Democratic,Republican
32,20,0.0,Democratic,Republican
32,21,0.9688386272354527,Democratic,Republican
32,22,0.979510880810153,Democratic,Democratic
32,23,0.9788339331299613,Democratic,Republican
32,24,0.9696183326229515,Democratic,Republican
32,25,0.9902039588856181,Democratic,Republican
32,26,0.9755498469190074,Democratic,Republican
32,27,0.9915570331101774,Democratic,Democratic
32,28,0.9950480678433062,Democratic,Republican
32,29,0.992565932393319,Democratic,Republican
32,30,0.9847844816329504,Democratic,Republican
32,31,0.9980713695759746,Democratic,Democratic
32,32,1.0,Democratic,Democratic
32,33,0.9940830213995605,Democratic,Republican
32,34,0.9957636357287735,Democratic,Democratic
32,35,0.9930780426147525,Democratic,Democratic
32,36,0.9942440645751004,Democratic,Republican
32,37,0.9958508133030212,Democratic,Republican
32,38,0.9852120873316503,Democratic,Democratic
32,39,0.9927699824962817,Democratic,Republican
32,40,0.9850775629376767,Democratic,Republican
32,41,0.9833033170459625,Democratic,Democratic
32,42,0.9916431602327946,Democratic,Republican
32,43,0.9808783016575132,Democratic,Democratic
32,44,0.9804537012966735,Democratic,Republican
33,1,0.9831313054674747,Republican,Unaffiliated
33,2,0.9872524710741247,Republican,Federalist
33,3,0.9834044425186261,Republican,Democratic-Republican
33,4,0.9828488319801751,Republican,Democratic-Republican
33,5,0.975388772785783,Republican,Democratic-Republican
33,6,0.9763261437212412,Republican,Democratic-Republican
33,7,0.980590719889343,Republican,Democratic
33,8,0.9829895056194425,Republican,Democratic
33,9,0.0,Republican,Whig
33,10,0.9810775128793866,Republican,Whig
33,11,0.9798607986429742,Republican,Democratic
33,12,0.9778968860951389,Republican,Whig
33,13,0.9827927598053404,Republican,Whig
33,14,0.9820666566955489,Republican,Democratic
33,15,0.9798874262220789,Republican,Democratic
33,16,0.9859721975417006,Republican,Republican
33,17,0.9854611910055614,Republican,Democratic
33,18,0.9832046206707752,Republican,Republican
33,19,0.9851416496578917,Republican,Republican
33,20,0.0,Republican,Republican
33,21,0.9811520243990939,Republican,Republican
33,22,0.9880897742215881,Republican,Democratic
33,23,0.9846439447301372,Republican,Republican
33,24,0.9801937424817477,Republican,Republican
33,25,0.9893286353610061,Republican,Republican
33,26,0.9840058214568522,Republican,Republican
33,27,0.9806287009195025,Republican,Democratic
33,28,0.9928896649954492,Republican,Republican
33,29,0.9935799757951417,Republican,Republican
33,30,0.9941619425188,Republican,Republican
33,31,0.9935830973478518,Republican,Democratic
33,32,0.9940830213995605,Republican,Democratic
33,33,1.0,Republican,Republican
33,34,0.9956846397932302,Republican,Democratic
33,35,0.9799016813927067,Republican,Democratic
33,36,0.9828036881093937,Republican,Republican
33,37,0.9936046214411068,Republican,Republican
33,38,0.9936967586826431,Republican,Democratic
33,39,0.9829311830312475,Republican,Republican
33,40,0.9690036603532611,Republican,Republican
33,41,0.9655560722226868,Republican,Democratic
33,42,0.984007040885437,Republican,Republican
33,43,0.9626521073282486,Republican,Democratic
33,44,0.9736522457283233,Republican,Republican
34,1,0.9837898486497744,Democratic,Unaffiliated
34,2,0.9855218191469243,Democratic,Federalist
34,3,0.9854207868209699,Democratic,Democratic-Republican
34,4,0.9799682146695641,Democratic,Democratic-Republican
34,5,0.9738341404527406,Democratic,Democratic-Republican
34,6,0.9716863624060245,Democratic,Democratic-Republican
34,7,0.979524160503145,Democratic,Democratic
34,8,0.9814839014669138,Democratic,Democratic
34,9,0.0,Democratic,Whig
34,10,0.9795710347939837,Democratic,Whig
34,11,0.976431360308166,Democratic,Democratic
34,12,0.973879931686958,Democratic,Whig
34,13,0.9799620150963526,Democratic,Whig
34,14,0.9785337149119693,Democratic,Democratic
34,15,0.9781203526888984,Democratic,Democratic
34,16,0.9841687452634454,Democratic,Republican
34,17,0.9821229904867095,Democratic,Democratic
34,18,0.9799835312330307,Democratic,Republican
34,19,0.979382180216047,Democratic,Republican
34,20,0.0,Democratic,Republican
34,21,0.9702876957957534,Democratic,Republican
34,22,0.9822708654558273,Democratic,Democratic
34,23,0.9794173141580503,Democratic,Republican
34,24,0.971772551788168,Democratic,Republican
34,25,0.9894442577665052,Democratic,Republican
34,26,0.9767504533207465,Democratic,Republican
34,27,0.9861990055303924,Democratic,Democratic
34,28,0.993017218055093,Democratic,Republican
34,29,0.9900060006241631,Democratic,Republican
34,30,0.9858870961142242,Democratic,Republican
34,31,0.995784440995649,Democratic,Democratic
34,32,0.9957636357287735,Democratic,Democratic
34,33,0.9956846397932302,Democratic,Republican
34,34,1.0,Democratic,Democratic
34,35,0.9859373726955082,Democratic,Democratic
34,36,0.9877881625753716,Democratic,Republican
34,37,0.9923434262801365,Democratic,Republican
34,38,0.9858923589496065,Democratic,Democratic
34,39,0.9873597350558624,Democratic,Republican
34,40,0.9779198435708908,Democratic,Republican
34,41,0.9731752415454324,Democratic,Democratic
34,42,0.9864888513097557,Democratic,Republican
34,43,0.970297845247114,Democratic,Democratic
34,44,0.975490206206869,Democratic,Republican
35,1,0.9738590457386345,Democratic,Unaffiliated
35,2,0.9775461663862025,Democratic,Federalist
35,3,0.978648457713482,Democratic,Democratic-Republican
35,4,0.9610398387969508,Democratic,Democratic-Republican
35,5,0.9664619543326287,Democratic,Democratic-Republican
35,6,0.956375952249889,Democratic,Democratic-Republican
35,7,0.972047617975233,Democratic,Democratic
35,8,0.9676464157139237,Democratic,Democratic
35,9,0.0,Democratic,Whig
35,10,0.9705210562502953,Democratic,Whig
35,11,0.9682659272076322,Democratic,Democratic
35,12,0.9684766040839167,Democratic,Whig
35,13,0.969434872582353,Democratic,Whig
35,14,0.9639947072910799,Democratic,Democratic
35,15,0.9732554393711513,Democratic,Democratic
35,16,0.9759028583081506,Democratic,Republican
35,17,0.9701396741935677,Democratic,Democratic
35,18,0.9683510890961075,Democratic,Republican
35,19,0.9605734178503562,Democratic,Republican
35,20,0.0,Democratic,Republican
35,21,0.9526235372145014,Democratic,Republican
35,22,0.9625754379279763,Democratic,Democratic
35,23,0.9650247392822807,Democratic,Republican
35,24,0.9555586084836051,Democratic,Republican
35,25,0.9797223815628899,Democratic,Republican
35,26,0.9623050075901813,Democratic,Republican
35,27,0.9882793658780925,Democratic,Democratic
35,28,0.9846035837437805,Democratic,Republican
35,29,0.980704137679489,Democratic,Republican
35,30,0.9690324106096296,Democratic,Republican
35,31,0.9908567683403354,Democratic,Democratic
35,32,0.9930780426147525,Democratic,Democratic
35,33,0.9799016813927067,Democratic,Republican
35,34,0.9859373726955082,Democratic,Democratic
35,35,1.0,Democratic,Democratic
35,36,0.9958874731413871,Democratic,Republican
35,37,0.9919776542022426,Democratic,Republican
35,38,0.974919479114692,Democratic,Democratic
35,39,0.9962536409561246,Democratic,Republican
35,40,0.9934779204579935,Democratic,Republican
35,41,0.9943475810418639,Democratic,Democratic
35,42,0.9941712255584934,Democratic,Republican
35,43,0.9918590567543061,Democratic,Democratic
35,44,0.9868265976908641,Democratic,Republican
36,1,0.9850907186017178,Republican,Unaffiliated
36,2,0.9860917523438814,Republican,Federalist
36,3,0.9881414703079493,Republican,Democratic-Republican
36,4,0.9760895045816345,Republican,Democratic-Republican
36,5,0.9804123857186589,Republican,Democratic-Republican
36,6,0.9711005980671472,Republican,Democratic-Republican
36,7,0.9847140858561434,Republican,Democratic
36,8,0.9810627716481646,Republican,Democratic
36,9,0.0,Republican,Whig
36,10,0.9838585546053463,Republican,Whig
36,11,0.9799708776603518,Republican,Democratic
36,12,0.9800129672921005,Republican,Whig
36,13,0.9818311245925451,Republican,Whig
36,14,0.9767718401255762,Republican,Democratic
36,15,0.9843137906499518,Republican,Democratic
36,16,0.9853140110873065,Republican,Republican
36,17,0.9814375678236632,Republican,Democratic
36,18,0.9808232802550816,Republican,Republican
36,19,0.973191081704511,Republican,Republican
36,20,0.0,Republican,Republican
36,21,0.963676647030466,Republican,Republican
36,22,0.9746498222562889,Republican,Democratic
36,23,0.9775164292454636,Republican,Republican
36,24,0.9677479061942598,Republican,Republican
36,25,0.9897276180157019,Republican,Republican
36,26,0.9745720043670374,Republican,Republican
36,27,0.9931157051451085,Republican,Democratic
36,28,0.9908270997304635,Republican,Republican
36,29,0.9888004612232095,Republican,Republican
36,30,0.9761479074868995,Republican,Republican
36,31,0.99401873154688,Republican,Democratic
36,32,0.9942440645751004,Republican,Democratic
36,33,0.9828036881093937,Republican,Republican
36,34,0.9877881625753716,Republican,Democratic
36,35,0.9958874731413871,Republican,Democratic
36,36,1.0,Republican,Republican
36,37,0.9908276739782711,Republican,Republican
36,38,0.9755015180148592,Republican,Democratic
36,39,0.9938808358130244,Republican,Republican
36,40,0.9892998415661768,Republican,Republican
36,41,0.9866565867890039,Republican,Democratic
36,42,0.9891550435189936,Republican,Republican
36,43,0.9862455342654494,Republican,Democratic
36,44,0.9825744943765297,Republican,Republican
37,1,0.9760866710851617,Republican,Unaffiliated
37,2,0.9828256112202819,Republican,Federalist
37,3,0.9807983261626919,Republican,Democratic-Republican
37,4,0.9722999400986241,Republican,Democratic-Republican
37,5,0.9710237285092689,Republican,Democratic-Republican
37,6,0.9680408984473193,Republican,Democratic-Republican
37,7,0.9764824976163652,Republican,Democratic
37,8,0.9764299641686189,Republican,Democratic
37,9,0.0,Republican,Whig
37,10,0.975178808288604,Republican,Whig
37,11,0.9758968324549013,Republican,Democratic
37,12,0.9733256513693973,Republican,Whig
37,13,0.9769577899539995,Republican,Whig
37,14,0.9749594055845632,Republican,Democratic
37,15,0.9774870501836066,Republican,Democratic
37,16,0.9843089928775947,Republican,Republican
37,17,0.9811396207917473,Republican,Democratic
37,18,0.9771745470938616,Republican,Republican
37,19,0.9750653574195324,Republican,Republican
37,20,0.0,Republican,Republican
37,21,0.9703643949857776,Republican,Republican
37,22,0.9784604613303348,Republican,Democratic
37,23,0.9774697053540737,Republican,Republican
37,24,0.9717926683991036,Republican,Republican
37,25,0.9860048699631307,Republican,Republican
37,26,0.9758647658908912,Republican,Republican
37,27,0.9855908840144944,Republican,Democratic
37,28,0.9913614608961746,Republican,Republican
37,29,0.9894447147445392,Republican,Republican
37,30,0.9865907555606177,Republican,Republican
37,31,0.9948600864470619,Republican,Democratic
37,32,0.9958508133030212,Republican,Democratic
37,33,0.9936046214411068,Republican,Republican
37,34,0.9923434262801365,Republican,Democratic
37,35,0.9919776542022426,Republican,Democratic
37,36,0.9908276739782711,Republican,Republican
37,37,1.0,Republican,Republican
37,38,0.9915776730608309,Republican,Democratic
37,39,0.9942952856978219,Republican,Republican
37,40,0.9849719379261183,Republican,Republican
37,41,0.9840082226071718,Republican,Democratic
37,42,0.9937340699116642,Republican,Republican
37,43,0.9821924820735699,Republican,Democratic
37,44,0.9866863446220179,Republican,Republican
38,1,0.9697536471843935,Democratic,Unaffiliated
38,2,0.9801383155124473,Democratic,Federalist
38,3,0.9701066348870494,Democratic,Democratic-Republican
38,4,0.972909287918144,Democratic,Democratic-Republican
38,5,0.9679247095734897,Democratic,Democratic-Republican
38,6,0.9711153790223799,Democratic,Democratic-Republican
38,7,0.9723077051668695,Democratic,Democratic
38,8,0.9732605766821077,Democratic,Democratic
38,9,0.0,Democratic,Whig
38,10,0.9721981464880696,Democratic,Whig
38,11,0.9771639097945309,Democratic,Democratic
38,12,0.9766077536427551,Democratic,Whig
38,13,0.9763395132505567,Democratic,Whig
38,14,0.9771561052130152,Democratic,Democratic
38,15,0.977465366710526,Democratic,Democratic
38,16,0.9807404090141364,Democratic,Republican
38,17,0.9818393638526046,Democratic,Democratic
38,18,0.9778435409135889,Democratic,Republican
38,19,0.9806215216791201,Democratic,Republican
38,20,0.0,Democratic,Republican
38,21,0.9829049651082293,Democratic,Republican
38,22,0.9824091767601956,Democratic,Democratic
38,23,0.9806826589350895,Democratic,Republican
38,24,0.982918942527794,Democratic,Republican
38,25,0.9795634018733018,Democratic,Republican
38,26,0.9842137886025302,Democratic,Republican
38,27,0.9673393123541095,Democratic,Democratic
38,28,0.9821128890008591,Democratic,Republican
38,29,0.9858488909774922,Democratic,Republican
38,30,0.9915721446304883,Democratic,Republican
38,31,0.9833141010798114,Democratic,Democratic
38,32,0.9852120873316503,Democratic,Democratic
38,33,0.9936967586826431,Democratic,Republican
38,34,0.9858923589496065,Democratic,Democratic
38,35,0.974919479114692,Democratic,Democratic
38,36,0.9755015180148592,Democratic,Republican
38,37,0.9915776730608309,Democratic,Republican
38,38,1.0,Democratic,Democratic
38,39,0.9792229873201918,Democratic,Republican
38,40,0.963327890935875,Democratic,Republican
38,41,0.963156824245604,Democratic,Democratic
38,42,0.9833866898293542,Democratic,Republican
38,43,0.9593426242217451,Democratic,Democratic
38,44,0.9775381719102204,Democratic,Republican
39,1,0.9706566884034664,Republican,Unaffiliated
39,2,0.974892891278476,Republican,Federalist
39,3,0.9769960629848901,Republican,Democratic-Republican
39,4,0.9604126948217125,Republican,Democratic-Republican
39,5,0.9645929036954135,Republican,Democratic-Republican
39,6,0.9544105591031117,Republican,Democratic-Republican
39,7,0.970232597683024,Republican,Democratic
39,8,0.9670294000289741,Republican,Democratic
39,9,0.0,Republican,Whig
39,10,0.9688706407388621,Republican,Whig
39,11,0.9676076604322452,Republican,Democratic
39,12,0.9661833848842046,Republican,Whig
39,13,0.9680502564605434,Republican,Whig
39,14,0.9639106929421579,Republican,Democratic
39,15,0.971903588328114,Republican,Democratic
39,16,0.9769123589415567,Republican,Republican
39,17,0.9713541620751284,Republican,Democratic
39,18,0.967934298067826,Republican,Republican
39,19,0.9605328872882279,Republican,Republican
39,20,0.0,Republican,Republican
39,21,0.9522611954753739,Republican,Republican
39,22,0.9638198039426861,Republican,Democratic
39,23,0.9647313866063528,Republican,Republican
39,24,0.9570593408552033,Republican,Republican
39,25,0.9811731079914382,Republican,Republican
39,26,0.9626320098154039,Republican,Republican
39,27,0.9869141129030187,Republican,Democratic
39,28,0.9880170378480295,Republican,Republican
39,29,0.9819274994504583,Republican,Republican
39,30,0.9704801147948806,Republican,Republican
39,31,0.9906227071788881,Republican,Democratic
39,32,0.9927699824962817,Republican,Democratic
39,33,0.9829311830312475,Republican,Republican
39,34,0.9873597350558624,Republican,Democratic
39,35,0.9962536409561246,Republican,Democratic
39,36,0.9938808358130244,Republican,Republican
39,37,0.9942952856978219,Republican,Republican
39,38,0.9792229873201918,Republican,Democratic
39,39,1.0,Republican,Republican
39,40,0.9961744859139828,Republican,Republican
39,41,0.9946312903392298,Republican,Democratic
39,42,0.9969472641076053,Republican,Republican
39,43,0.9944228853601177,Republican,Democratic
39,44,0.9904516265096653,Republican,Republican
40,1,0.9584160006357428,Republican,Unaffiliated
40,2,0.9617502048322577,Republican,Federalist
40,3,0.9647302377619245,Republican,Democratic-Republican
40,4,0.9442756465056317,Republican,Democratic-Republican
40,5,0.9510121754518184,Republican,Democratic-Republican
40,6,0.937349846344456,Republican,Democratic-Republican
40,7,0.9571420728944174,Republican,Democratic
40,8,0.9520455805632,Republican,Democratic
40,9,0.0,Republican,Whig
40,10,0.9549871452659743,Republican,Whig
40,11,0.9523306943680989,Republican,Democratic
40,12,0.9528474868538652,Republican,Whig
40,13,0.9535986486044945,Republican,Whig
40,14,0.9478282241491032,Republican,Democratic
40,15,0.9591264761599839,Republican,Democratic
40,16,0.963493709021975,Republican,Republican
40,17,0.9565686052124689,Republican,Democratic
40,18,0.952970445197016,Republican,Republican
40,19,0.9432224670502348,Republican,Republican
40,20,0.0,Republican,Republican
40,21,0.9320288913951281,Republican,Republican
40,22,0.9454863253889079,Republican,Democratic
40,23,0.9481767707896249,Republican,Republican
40,24,0.9384984022424344,Republican,Republican
40,25,0.9696770349861003,Republican,Republican
40,26,0.9456700501319741,Republican,Republican
40,27,0.9802635511201906,Republican,Democratic
40,28,0.978276092412962,Republican,Republican
40,29,0.9691913023095955,Republican,Republican
40,30,0.9521354126284961,Republican,Republican
40,31,0.9819200380226711,Republican,Democratic
40,32,0.9850775629376767,Republican,Democratic
40,33,0.9690036603532611,Republican,Republican
40,34,0.9779198435708908,Republican,Democratic
40,35,0.9934779204579935,Republican,Democratic
40,36,0.9892998415661768,Republican,Republican
40,37,0.9849719379261183,Republican,Republican
40,38,0.963327890935875,Republican,Democratic
40,39,0.9961744859139828,Republican,Republican
40,40,1.0,Republican,Republican
40,41,0.9946302305160711,Republican,Democratic
40,42,0.9917094728737768,Republican,Republican
40,43,0.9948283525288253,Republican,Democratic
40,44,0.9851014645643328,Republican,Republican
41,1,0.9529970633083549,Democratic,Unaffiliated
41,2,0.9576479005168979,Democratic,Federalist
41,3,0.9616443838858874,Democratic,Democratic-Republican
41,4,0.936591263737954,Democratic,Democratic-Republican
41,5,0.9437983397045628,Democratic,Democratic-Republican
41,6,0.9293701360829781,Democratic,Democratic-Republican
41,7,0.9509024273014914,Democratic,Democratic
41,8,0.9448733607618813,Democratic,Democratic
41,9,0.0,Democratic,Whig
41,10,0.9488805450508209,Democratic,Whig
41,11,0.9464150026818513,Democratic,Democratic
41,12,0.9464343004700958,Democratic,Whig
41,13,0.9465283787541017,Democratic,Whig
41,14,0.93961942123295,Democratic,Democratic
41,15,0.9525201004964916,Democratic,Democratic
41,16,0.9561796454594469,Democratic,Republican
41,17,0.9488480713390026,Democratic,Democratic
41,18,0.945608560031248,Democratic,Republican
41,19,0.9350107859566492,Democratic,Republican
41,20,0.0,Democratic,Republican
41,21,0.927287026205946,Democratic,Republican
41,22,0.9387274317048895,Democratic,Democratic
41,23,0.94120376124461,Democratic,Republican
41,24,0.9311910093828358,Democratic,Republican
41,25,0.9620905901831498,Democratic,Republican
41,26,0.9387044646572699,Democratic,Republican
41,27,0.9766571957221296,Democratic,Democratic
41,28,0.9722671373322569,Democratic,Republican
41,29,0.9641413230523411,Democratic,Republican
41,30,0.9490509529100472,Democratic,Republican
41,31,0.9778714902034215,Democratic,Democratic
41,32,0.9833033170459625,Democratic,Democratic
41,33,0.9655560722226868,Democratic,Republican
41,34,0.9731752415454324,Democratic,Democratic
41,35,0.9943475810418639,Democratic,Democratic
41,36,0.9866565867890039,Democratic,Republican
41,37,0.9840082226071718,Democratic,Republican
41,38,0.963156824245604,Democratic,Democratic
41,39,0.9946312903392298,Democratic,Republican
41,40,0.9946302305160711,Democratic,Republican
41,41,1.0,Democratic,Democratic
41,42,0.993172694538899,Democratic,Republican
41,43,0.9974666773558997,Democratic,Democratic
41,44,0.9849465977899755,Democratic,Republican
42,1,0.9677901767725718,Republican,Unaffiliated
42,2,0.9748521385361205,Republican,Federalist
42,3,0.9733061295594827,Republican,Democratic-Republican
42,4,0.9581365919649815,Republican,Democratic-Republican
42,5,0.96100045980871,Republican,Democratic-Republican
42,6,0.9523998748756994,Republican,Democratic-Republican
42,7,0.966208390298279,Republican,Democratic
42,8,0.96332955131863,Republican,Democratic
42,9,0.0,Republican,Whig
42,10,0.9647627967262048,Republican,Whig
42,11,0.9659552450342531,Republican,Democratic
42,12,0.9650553442779739,Republican,Whig
42,13,0.9656719066914614,Republican,Whig
42,14,0.9615302183436867,Republican,Democratic
42,15,0.9688224402302741,Republican,Democratic
42,16,0.9731815899407077,Republican,Republican
42,17,0.9690115568714806,Republican,Democratic
42,18,0.9660962099231996,Republican,Republican
42,19,0.9600532821950493,Republican,Republican
42,20,0.0,Republican,Republican
42,21,0.9553222698648878,Republican,Republican
42,22,0.9626520809545345,Republican,Democratic
42,23,0.9633753135938781,Republican,Republican
42,24,0.957909345169354,Republican,Republican
42,25,0.9760551188796561,Republican,Republican
42,26,0.9623230111073457,Republican,Republican
42,27,0.9802519319733678,Republican,Democratic
42,28,0.9835774543412299,Republican,Republican
42,29,0.9799464884301792,Republican,Republican
42,30,0.9721292419717138,Republican,Republican
42,31,0.9876991064513235,Republican,Democratic
42,32,0.9916431602327946,Republican,Democratic
42,33,0.984007040885437,Republican,Republican
42,34,0.9864888513097557,Republican,Democratic
42,35,0.9941712255584934,Republican,Democratic
42,36,0.9891550435189936,Republican,Republican
42,37,0.9937340699116642,Republican,Republican
42,38,0.9833866898293542,Republican,Democratic
42,39,0.9969472641076053,Republican,Republican
42,40,0.9917094728737768,Republican,Republican
42,41,0.993172694538899,Republican,Democratic
42,42,1.0,Republican,Republican
42,43,0.9915904935325363,Republican,Democratic
42,44,0.9921229932255109,Republican,Republican
43,1,0.9536279245443118,Democratic,Unaffiliated
43,2,0.9579308260692269,Democratic,Federalist
43,3,0.9631668766036616,Democratic,Democratic-Republican
43,4,0.937624801597125,Democratic,Democratic-Republican
43,5,0.9473528128294608,Democratic,Democratic-Republican
43,6,0.9300393225629177,Democratic,Democratic-Republican
43,7,0.9529858802028605,Democratic,Democratic
43,8,0.9470220678045037,Democratic,Democratic
43,9,0.0,Democratic,Whig
43,10,0.950075897667846,Democratic,Whig
43,11,0.9481829114163093,Democratic,Democratic
43,12,0.946413921150288,Democratic,Whig
43,13,0.9481104981794263,Democratic,Whig
43,14,0.9405272277847618,Democratic,Democratic
43,15,0.9531734736865747,Democratic,Democratic
43,16,0.9582048041081279,Democratic,Republican
43,17,0.9501517970103212,Democratic,Democratic
43,18,0.9467809029653417,Democratic,Republican
43,19,0.9348058398360697,Democratic,Republican
43,20,0.0,Democratic,Republican
43,21,0.9260632629184692,Democratic,Republican
43,22,0.9388509249030966,Democratic,Democratic
43,23,0.9421092524530499,Democratic,Republican
43,24,0.9307406382086859,Democratic,Republican
43,25,0.9636367235272693,Democratic,Republican
43,26,0.938041995945874,Democratic,Republican
43,27,0.9780090303978428,Democratic,Democratic
43,28,0.9730328301373099,Democratic,Republican
43,29,0.9645728739635766,Democratic,Republican
43,30,0.9472176794664209,Democratic,Republican
43,31,0.9768244138111061,Democratic,Democratic
43,32,0.9808783016575132,Democratic,Democratic
43,33,0.9626521073282486,Democratic,Republican
43,34,0.970297845247114,Democratic,Democratic
43,35,0.9918590567543061,Democratic,Democratic
43,36,0.9862455342654494,Democratic,Republican
43,37,0.9821924820735699,Democratic,Republican
43,38,0.9593426242217451,Democratic,Democratic
43,39,0.9944228853601177,Democratic,Republican
43,40,0.9948283525288253,Democratic,Republican
43,41,0.9974666773558997,Democratic,Democratic
43,42,0.9915904935325363,Democratic,Republican
43,43,1.0,Democratic,Democratic
43,44,0.9870664868727037,Democratic,Republican
44,1,0.959116115686985,Republican,Unaffiliated
44,2,0.9674772223608309,Republican,Federalist
44,3,0.9641221582096098,Republican,Democratic-Republican
44,4,0.9507473489257732,Republican,Democratic-Republican
44,5,0.9601535338024498,Republican,Democratic-Republican
44,6,0.9488558318905926,Republican,Democratic-Republican
44,7,0.9616707867079847,Republican,Democratic
44,8,0.9578717103621655,Republican,Democratic
44,9,0.0,Republican,Whig
44,10,0.9590445650772691,Republican,Whig
44,11,0.9655920542084098,Republican,Democratic
44,12,0.9635573118659445,Republican,Whig
44,13,0.9618662063931321,Republican,Whig
44,14,0.958957204874288,Republican,Democratic
44,15,0.9684806688958273,Republican,Democratic
44,16,0.971894387737457,Republican,Republican
44,17,0.9660081811400285,Republican,Democratic
44,18,0.9631504510927943,Republican,Republican
44,19,0.9552171994438973,Republican,Republican
44,20,0.0,Republican,Republican
44,21,0.9551134116388886,Republican,Republican
44,22,0.957154460116408,Republican,Democratic
44,23,0.9596668116961716,Republican,Republican
44,24,0.9583424371448401,Republican,Republican
44,25,0.9688865307764035,Republican,Republican
44,26,0.9597687199425785,Republican,Republican
44,27,0.9696227510330447,Republican,Democratic
44,28,0.9719334566985961,Republican,Republican
44,29,0.9712854039125073,Republican,Republican
44,30,0.9634632181974873,Republican,Republican
44,31,0.9768490934461975,Republican,Democratic
44,32,0.9804537012966735,Republican,Democratic
44,33,0.9736522457283233,Republican,Republican
44,34,0.975490206206869,Republican,Democratic
44,35,0.9868265976908641,Republican,Democratic
44,36,0.9825744943765297,Republican,Republican
44,37,0.9866863446220179,Republican,Republican
44,38,0.9775381719102204,Republican,Democratic
44,39,0.9904516265096653,Republican,Republican
44,40,0.9851014645643328,Republican,Republican
44,41,0.9849465977899755,Republican,Democratic
44,42,0.9921229932255109,Republican,Republican
44,43,0.9870664868727037,Republican,Democratic
44,44,1.0,Republican,Republican